LoanAmount,AnnualIncome,DTI,Experience,CreditGrade,HomeOwnership,LoanPurpose,MonthlyIncome,CreditScore,InterestRate,LoanTenure,LoanStatus,RiskScore,ModelConfidence,DriftScore,BiasFlag
8000.0,36000.0,0.47,3 years,E,RENT,moving,3000.0,600,7.168558622555661,160,Approved,54.16666666666667,0.9531364150060296,0.9386931129286584,1
6000.0,50000.0,0.0,4 years,C,OWN,small_business,4166.666666666667,700,16.83604629301137,187,Approved,0.036,0.772643293077512,0.2936502543135131,0
4800.0,15000.0,0.0,1 year,B,RENT,debt_consolidation,1250.0,750,19.49823977522734,57,Approved,-19.904,0.7272929817255849,0.4491373829523334,1
25000.0,55164.0,0.0,10+ years,C,RENT,house,4597.0,700,14.256388236233056,171,Approved,0.1359582336306286,0.9795073331843476,0.1756017394256233,1
24000.0,150000.0,0.22,8 years,B,MORTGAGE,debt_consolidation,12500.0,750,17.486252236361658,63,Approved,-13.352,0.8145915048860239,0.7007961884622915,0
3000.0,93000.0,0.0,5 years,A,MORTGAGE,home_improvement,7750.0,800,18.585285175293595,353,Approved,-39.99032258064516,0.7176673990335329,0.7400752679945548,0
4800.0,15566.0,0.0,1 year,C,RENT,educational,1297.1666666666667,700,8.208177738083071,76,Approved,0.0925093151740973,0.9617509084392792,0.8344685135644715,1
20000.0,60000.0,0.0,8 years,C,MORTGAGE,house,5000.0,700,17.669930660346726,239,Approved,0.0999999999999999,0.7318064546736669,0.6006559637993218,0
24250.0,113200.0,0.28,3 years,B,MORTGAGE,other,9433.333333333334,750,14.114380235941857,112,Approved,-11.535733215547705,0.9145830125409692,0.5834749310275991,0
9000.0,63000.0,0.29,1 year,A,RENT,wedding,5250.0,800,19.249595807558727,86,Approved,-31.257142857142856,0.977991173785264,0.3206148971720809,1
6000.0,65000.0,0.25,10+ years,C,RENT,debt_consolidation,5416.666666666667,700,14.00136018591091,279,Approved,7.527692307692308,0.8802360877026292,0.1432405615313573,1
25000.0,190000.0,0.13,10+ years,B,OWN,home_improvement,15833.333333333334,750,8.190737912720419,88,Approved,-16.060526315789474,0.9404097091318944,0.5704658518382826,0
11000.0,158000.0,0.0,10+ years,A,OWN,credit_card,13166.666666666666,800,19.023560337891364,275,Approved,-39.97911392405063,0.9014491136336938,0.3734011189249475,0
25000.0,204000.0,0.06,10+ years,B,OWN,credit_card,17000.0,750,15.229964839999548,58,Approved,-18.163235294117648,0.7052563180186411,0.7638313728773599,0
20000.0,43680.0,0.44,< 1 year,C,RENT,medical,3640.0,700,11.604874414887256,145,Approved,13.337362637362636,0.9259050684114574,0.8445184988363527,1
8000.0,30000.0,0.4,2 years,A,MORTGAGE,credit_card,2500.0,800,7.495237074809051,174,Approved,-27.92,0.8240429268752196,0.3049015211608517,0
9975.0,30996.0,0.39,1 year,C,RENT,other,2583.0,700,13.890548243881517,134,Approved,11.796544715447151,0.8268143357583742,0.1425718755719888,1
23600.0,47220.0,0.0,9 years,C,RENT,small_business,3935.0,700,16.229219236493748,111,Approved,0.1499364675984752,0.857158567658183,0.3039423928028791,1
10000.0,86000.0,0.0,7 years,B,MORTGAGE,major_purchase,7166.666666666667,750,16.527438946757254,64,Approved,-19.96511627906977,0.7822083281154296,0.6811916080391687,0
9600.0,125000.0,0.26,2 years,B,RENT,home_improvement,10416.666666666666,750,15.830184514145904,218,Approved,-12.17696,0.9700198891556224,0.2650947341732522,1
5000.0,110000.0,0.24,< 1 year,A,MORTGAGE,home_improvement,9166.666666666666,800,19.91715816451836,25,Approved,-32.78636363636363,0.8111445567448428,0.527714846163192,0
5000.0,45000.0,0.0,1 year,B,MORTGAGE,educational,3750.0,750,17.078236477668348,270,Approved,-19.966666666666665,0.7337757787053869,0.9044025388041864,0
5000.0,20000.0,0.0,3 years,E,RENT,debt_consolidation,1666.6666666666667,600,13.323835390535912,298,Approved,40.075,0.8215507472719676,0.28000066954427,1
8500.0,73000.0,0.0,3 years,A,MORTGAGE,home_improvement,6083.333333333333,800,8.528291470588309,268,Approved,-39.96506849315068,0.8590790531275518,0.421096496558438,0
7500.0,26000.0,0.0,2 years,B,RENT,debt_consolidation,2166.6666666666665,750,8.938480456571806,243,Approved,-19.91346153846154,0.7660559987629649,0.7488272568050389,1
9500.0,47300.0,0.28,5 years,A,MORTGAGE,major_purchase,3941.6666666666665,800,8.598172798166882,192,Approved,-31.53974630021142,0.8544378138720785,0.4949094003291407,0
9000.0,115000.0,0.16,2 years,A,RENT,moving,9583.333333333334,800,7.937051788177663,177,Approved,-35.17652173913044,0.7215956779170202,0.4012112354574499,1
14000.0,140000.0,0.32,2 years,B,MORTGAGE,debt_consolidation,11666.666666666666,750,16.532385279299284,249,Approved,-10.37,0.8525836545521535,0.9549941526208242,0
5600.0,36500.0,0.41,< 1 year,C,RENT,car,3041.6666666666665,700,11.77317737585092,195,Approved,12.346027397260272,0.7270019789520938,0.4733336369611627,1
6500.0,56650.0,0.0,2 years,B,MORTGAGE,debt_consolidation,4720.833333333333,750,18.5790465040351,212,Approved,-19.96557811120918,0.9293820801734164,0.6892689767104834,0
15000.0,40000.0,0.45,< 1 year,A,RENT,medical,3333.333333333333,800,9.92843428854066,317,Approved,-26.3875,0.9201009811349484,0.0037717445282264,1
10000.0,32004.0,0.0,9 years,A,MORTGAGE,other,2667.0,800,10.855874262780928,18,Approved,-39.90626171728534,0.9611384181930362,0.8953488829378472,0
9100.0,81204.0,0.15,1 year,B,MORTGAGE,car,6767.0,750,11.727720039267393,253,Approved,-15.466380966454857,0.9353738780447806,0.5994573497742534,0
15000.0,215000.0,0.41,2 years,B,MORTGAGE,home_improvement,17916.666666666668,750,8.765720352054977,158,Approved,-7.679069767441861,0.8947426311157833,0.9723447303284136,0
5000.0,6000000.0,0.01,10+ years,C,MORTGAGE,home_improvement,500000.0,700,7.978560535139659,338,Approved,0.3002499999999999,0.7369015607696773,0.0181042177388114,0
10000.0,68000.0,0.0,3 years,A,MORTGAGE,home_improvement,5666.666666666667,800,10.29914497981053,195,Approved,-39.95588235294117,0.9379804112239604,0.6464924912921579,0
5000.0,60000.0,0.0,1 year,C,MORTGAGE,debt_consolidation,5000.0,700,13.684945234563862,43,Approved,0.0249999999999999,0.8838353907994958,0.3736181681794377,0
35000.0,65000.0,0.37,10+ years,B,OWN,debt_consolidation,5416.666666666667,750,11.561154629813736,163,Approved,-8.73846153846154,0.7146916613530617,0.6334749467034695,0
3000.0,44000.0,0.46,3 years,E,RENT,educational,3666.6666666666665,600,15.476543501621558,226,Approved,53.82045454545455,0.857899307889294,0.6787834624318767,1
2500.0,32000.0,0.38,1 year,A,MORTGAGE,debt_consolidation,2666.6666666666665,800,19.124092926633068,60,Approved,-28.5765625,0.9669437171922456,0.6568872568871205,0
8500.0,55000.0,0.41,5 years,B,RENT,credit_card,4583.333333333333,750,18.315613761091413,294,Approved,-7.653636363636365,0.9252595817283408,0.3709047476363816,1
7200.0,85000.0,0.41,9 years,B,RENT,small_business,7083.333333333333,750,7.463629472284251,319,Approved,-7.674588235294118,0.8951848193377349,0.7998068643920374,1
10000.0,192000.0,0.39,10+ years,B,MORTGAGE,major_purchase,16000.0,750,18.56416313414992,137,Approved,-8.284375,0.7686978901051988,0.8232952059108408,0
10000.0,94000.0,0.0,2 years,D,RENT,home_improvement,7833.333333333333,650,8.897304560240167,215,Approved,20.03191489361702,0.8224161932568181,0.1785753302095929,1
6000.0,21600.0,0.0,< 1 year,A,OWN,car,1800.0,800,11.811315820467996,158,Approved,-39.91666666666666,0.8868315863459396,0.5376863093139123,0
20000.0,70000.0,0.26,8 years,E,OWN,home_improvement,5833.333333333333,600,12.9756360910522,192,Approved,47.885714285714286,0.8787310714045691,0.7571157571429687,0
6000.0,54000.0,0.31,3 years,C,MORTGAGE,debt_consolidation,4500.0,700,17.640412111590656,294,Approved,9.333333333333332,0.8548371482182641,0.1531197359860627,0
15200.0,125000.0,0.0,7 years,C,MORTGAGE,major_purchase,10416.666666666666,700,8.820123791969529,291,Approved,0.03648,0.8593156364157583,0.1958508375600425,0
25000.0,135660.0,0.02,10+ years,B,RENT,other,11305.0,750,16.425069414788428,157,Approved,-19.34471472799646,0.7532924007572899,0.9221103601724636,1
6000.0,85000.0,0.3,10+ years,C,RENT,debt_consolidation,7083.333333333333,700,15.577438289122275,262,Approved,9.021176470588236,0.7508704913781623,0.1258846338551358,1
5000.0,52000.0,0.23,3 years,D,MORTGAGE,major_purchase,4333.333333333333,650,12.9943157145889,357,Approved,26.928846153846152,0.8291640539464665,0.9128691783505646,0
4200.0,51600.0,0.42,10+ years,B,MORTGAGE,vacation,4300.0,750,16.825681624260504,350,Approved,-7.375581395348838,0.7917017749491416,0.3387602233280162,0
20000.0,99996.0,0.07,5 years,D,RENT,debt_consolidation,8333.0,650,19.33486511828721,274,Approved,22.160002400096005,0.8634299479683888,0.6173506032154344,1
3000.0,52000.0,0.48,< 1 year,A,RENT,other,4333.333333333333,800,13.356876932826296,69,Approved,-25.58269230769231,0.7303215056724774,0.2679451588088269,1
16000.0,62400.0,0.0,6 years,B,MORTGAGE,home_improvement,5200.0,750,12.417434069729344,279,Approved,-19.923076923076923,0.9093022534732416,0.3864824166262505,0
3000.0,8472.0,0.0,2 years,A,RENT,small_business,706.0,800,14.348621530387884,174,Approved,-39.89376770538244,0.8752612781323211,0.8015147851325106,1
3500.0,31200.0,0.38,< 1 year,D,RENT,other,2600.0,650,9.167508245169598,39,Approved,31.433653846153845,0.8623533697214352,0.8579856707330252,1
3000.0,55000.0,0.33,< 1 year,B,RENT,major_purchase,4583.333333333333,750,14.995323864260534,245,Approved,-10.083636363636364,0.8834197281314768,0.1080323648214545,1
5000.0,32760.0,0.31,4 years,D,RENT,major_purchase,2730.0,650,15.096017423402476,208,Approved,29.345787545787545,0.96111174020179,0.2841353936379708,1
5000.0,39520.0,0.46,10+ years,A,OWN,home_improvement,3293.333333333333,800,11.423440489934707,158,Approved,-26.16204453441296,0.7707549827977818,0.5399690165468719,0
6400.0,45600.0,0.26,< 1 year,A,MORTGAGE,other,3800.0,800,16.018150974149833,339,Approved,-32.15789473684211,0.769462011535704,0.3220518935731407,0
20000.0,46000.0,0.39,6 years,C,OWN,home_improvement,3833.3333333333335,700,16.61560877996319,52,Approved,11.830434782608696,0.7626614947269803,0.7977421919329812,0
17600.0,205000.0,0.34,10+ years,C,RENT,small_business,17083.333333333332,700,8.051125683841509,244,Approved,10.225756097560977,0.8314467886985937,0.2561592976496643,1
11000.0,138000.0,0.28,< 1 year,A,RENT,debt_consolidation,11500.0,800,14.4362949551938,23,Approved,-31.576086956521745,0.9674935516748592,0.7733677517049844,1
25000.0,1200000.0,0.41,10+ years,D,RENT,debt_consolidation,100000.0,650,16.246565617280908,164,Approved,32.30625,0.8724741674977463,0.965491592624073,1
12000.0,23004.0,0.0,< 1 year,B,OWN,other,1917.0,750,10.22678089089835,26,Approved,-19.84350547730829,0.7789967453361966,0.93014817852066,0
10000.0,39000.0,0.0,8 years,A,MORTGAGE,major_purchase,3250.0,800,8.023814419592341,249,Approved,-39.92307692307692,0.9392604083937816,0.3313100093987685,0
2400.0,9600.0,0.0,4 years,C,RENT,other,800.0,700,9.983852949391975,315,Approved,0.075,0.7542810428168683,0.1808962430930186,1
3600.0,60000.0,0.5,3 years,A,MORTGAGE,home_improvement,5000.0,800,12.74157591725786,220,Approved,-24.982,0.7373895713432576,0.4896283240119987,0
9175.0,36000.0,0.33,< 1 year,E,MORTGAGE,house,3000.0,600,12.876494471559592,151,Approved,49.97645833333333,0.7919127295664966,0.232008216796039,0
5600.0,95000.0,0.13,5 years,B,RENT,small_business,7916.666666666667,750,15.29447080483134,301,Approved,-16.082315789473686,0.8122651690379932,0.4219110970100463,1
6000.0,79200.0,0.23,4 years,D,RENT,home_improvement,6600.0,650,11.857415144512329,242,Approved,26.922727272727272,0.8257199435962711,0.4972418159274488,1
21000.0,100200.0,0.32,8 years,B,RENT,house,8350.0,750,11.025424381927268,28,Approved,-10.337125748502997,0.7993216089769644,0.3591345531456443,1
20000.0,105000.0,0.0,10+ years,B,MORTGAGE,home_improvement,8750.0,750,16.997508599675605,307,Approved,-19.942857142857143,0.8365379364459167,0.68206211332799,0
2500.0,26940.0,0.36,1 year,A,RENT,car,2245.0,800,17.766922136802066,80,Approved,-29.17216035634744,0.7629905066102916,0.3296212362907477,1
22000.0,115000.0,0.16,1 year,B,MORTGAGE,debt_consolidation,9583.333333333334,750,9.528112762977342,251,Approved,-15.142608695652171,0.9718968188381704,0.5175069645951618,0
8000.0,192000.0,0.22,3 years,B,RENT,medical,16000.0,750,16.114432536550574,104,Approved,-13.3875,0.9173037157036033,0.153918408347324,1
1000.0,17400.0,0.0,10+ years,B,MORTGAGE,other,1450.0,750,18.13997390878706,19,Approved,-19.98275862068965,0.8689828505635044,0.95186925559224,0
35000.0,140967.0,0.41,5 years,B,MORTGAGE,home_improvement,11747.25,750,13.956700862513513,233,Approved,-7.625514482112836,0.9757405264782244,0.3979762923550016,0
30000.0,82000.0,0.22,3 years,B,MORTGAGE,other,6833.333333333333,750,13.432575511777536,337,Approved,-13.290243902439023,0.9287199783662392,0.9070945771677532,0
1000.0,30000.0,0.0,5 years,A,MORTGAGE,home_improvement,2500.0,800,15.346894919003178,34,Approved,-39.99,0.8175662599664495,0.3498020870646946,0
10000.0,85000.0,0.17,10+ years,A,MORTGAGE,debt_consolidation,7083.333333333333,800,13.071644167527866,91,Approved,-34.864705882352936,0.8392777610824589,0.9562652756045706,0
20000.0,84000.0,0.21,6 years,B,RENT,house,7000.0,750,11.4209242143216,69,Approved,-13.628571428571428,0.9242883905115116,0.5351989162156663,1
25000.0,86000.0,0.0,2 years,B,MORTGAGE,small_business,7166.666666666667,750,12.543790457513383,121,Approved,-19.912790697674417,0.9644000955271312,0.4619257553666511,0
8000.0,69313.0,0.0,9 years,B,MORTGAGE,major_purchase,5776.083333333333,750,10.855594186608531,118,Approved,-19.96537446077936,0.7925273989675666,0.2366792463401072,0
20000.0,92407.0,0.43,10+ years,B,RENT,medical,7700.583333333333,750,9.45225033511658,197,Approved,-7.035069854015388,0.8703218552138009,0.3994553940150532,1
7600.0,45000.0,0.0,3 years,C,RENT,wedding,3750.0,700,17.976578530650762,135,Approved,0.0506666666666666,0.8532072187483324,0.1234646093244904,1
8000.0,120000.0,0.5,4 years,B,MORTGAGE,medical,10000.0,750,10.322480110648282,48,Approved,-4.98,0.7514981947493199,0.3388491314945798,0
6000.0,36000.0,0.0,4 years,E,MORTGAGE,other,3000.0,600,9.83581293592292,185,Approved,40.05,0.7773720302240086,0.1560009713109987,0
4800.0,55000.0,0.0,6 years,D,RENT,major_purchase,4583.333333333333,650,7.47808994666202,230,Approved,20.02618181818182,0.7470829755531061,0.2653698179722099,1
2000.0,98000.0,0.0,< 1 year,A,OWN,other,8166.666666666667,800,15.28413078669771,183,Approved,-39.99387755102041,0.7308549335616378,0.6781529377722556,0
3000.0,48156.0,0.0,9 years,A,MORTGAGE,other,4013.0,800,17.71868932868827,195,Approved,-39.98131074009469,0.7370992755186796,0.0692211491979,0
11000.0,75000.0,0.0,5 years,A,RENT,wedding,6250.0,800,15.916367324593711,157,Approved,-39.956,0.971392891052376,0.0063524698235684,1
3000.0,93000.0,0.0,1 year,A,RENT,other,7750.0,800,11.842064172391105,232,Approved,-39.99032258064516,0.8918138879104633,0.2112270606041633,1
10000.0,160000.0,0.26,3 years,E,RENT,debt_consolidation,13333.333333333334,600,15.71401562256698,169,Approved,47.81875,0.8287886332354151,0.994717863379351,1
25000.0,118000.0,0.02,4 years,A,MORTGAGE,home_improvement,9833.333333333334,800,10.115476391963146,195,Approved,-39.3364406779661,0.8197375189074798,0.0257669811678592,0
5000.0,34000.0,0.39,8 years,A,MORTGAGE,small_business,2833.333333333333,800,10.846643301254202,304,Approved,-28.25588235294118,0.7758844898561379,0.5399091158115384,0
6000.0,160000.0,0.13,10+ years,A,OTHER,major_purchase,13333.333333333334,800,7.463197877237818,259,Approved,-36.088750000000005,0.8635557940445254,0.986461619857649,0
15000.0,70000.0,0.26,< 1 year,C,OWN,small_business,5833.333333333333,700,9.281454620231576,177,Approved,7.864285714285714,0.796648306007918,0.2949477594621784,0
12000.0,33600.0,0.39,2 years,B,RENT,debt_consolidation,2800.0,750,13.393424553750885,354,Approved,-8.192857142857143,0.8428000808565774,0.7526003138329149,1
16000.0,50000.0,0.36,1 year,E,RENT,small_business,4166.666666666667,600,13.874907480780958,182,Approved,50.896,0.8330823959137811,0.7256943500488383,1
7700.0,69000.0,0.21,9 years,B,RENT,other,5750.0,750,14.488294979342797,23,Approved,-13.666521739130436,0.8869376842704179,0.744142682900358,1
3600.0,30000.0,0.04,3 years,D,RENT,small_business,2500.0,650,13.154664518446992,301,Approved,21.236,0.955560392866632,0.5108218437823258,1
2500.0,112995.0,0.39,7 years,A,RENT,other,9416.25,800,13.489187833506763,71,Approved,-28.293362538165407,0.8051292939451731,0.8077461634325681,1
8650.0,46500.0,0.44,2 years,C,RENT,other,3875.0,700,7.735786478910848,119,Approved,13.255806451612903,0.7365562265612381,0.2728292105638724,1
10000.0,90000.0,0.24,2 years,A,RENT,small_business,7500.0,800,12.253723601350176,265,Approved,-32.766666666666666,0.8739917388222682,0.0113047629696324,1
5000.0,30000.0,0.0,< 1 year,C,OWN,educational,2500.0,700,7.352797419836189,197,Approved,0.0499999999999999,0.8010908968242237,0.9630150091949063,0
1500.0,28452.0,0.0,4 years,B,RENT,other,2371.0,750,17.03161339392276,262,Approved,-19.984183888654577,0.7318739927261333,0.5762208581343077,1
4800.0,30000.0,0.0,2 years,D,RENT,moving,2500.0,650,19.861514090964537,33,Approved,20.048,0.9470821183906836,0.6236675555182606,1
1000.0,18000.0,0.0,< 1 year,D,RENT,moving,1500.0,650,14.776805387412953,137,Approved,20.016666666666666,0.8576539783555656,0.5357888611622513,1
8000.0,68000.0,0.26,10+ years,B,MORTGAGE,home_improvement,5666.666666666667,750,7.207936858508572,95,Approved,-12.16470588235294,0.7099602097032678,0.2018607761815027,0
4000.0,31193.0,0.0,< 1 year,D,OWN,car,2599.4166666666665,650,10.566088199036823,310,Approved,20.03847016958933,0.8098987173692641,0.1156375228984057,0
13700.0,63000.0,0.0,6 years,B,MORTGAGE,small_business,5250.0,750,11.439870911475476,358,Approved,-19.934761904761903,0.7825420228469181,0.9169173921057382,0
7200.0,31000.0,0.46,2 years,B,OTHER,car,2583.333333333333,750,11.734130596611092,59,Approved,-6.130322580645163,0.7915346535017918,0.9135882321543934,0
10000.0,24000.0,0.0,< 1 year,A,RENT,car,2000.0,800,10.566274431957224,202,Approved,-39.875,0.8211845739689766,0.2982559894721528,1
20000.0,51600.0,0.23,10+ years,C,OWN,home_improvement,4300.0,700,11.761119066174109,225,Approved,7.0162790697674415,0.9046357272342388,0.5033309205119294,0
6250.0,50000.0,0.26,< 1 year,A,MORTGAGE,other,4166.666666666667,800,16.76363808831352,255,Approved,-32.1625,0.9579388675569434,0.3982004966602189,0
500.0,3300.0,0.0,1 year,A,RENT,educational,275.0,800,10.319084717149352,79,Approved,-39.95454545454545,0.7406914806596899,0.8369048438788766,1
14000.0,43738.0,0.27,1 year,A,RENT,debt_consolidation,3644.8333333333335,800,13.48743693173153,140,Approved,-31.80397366134711,0.8616994648300283,0.057498638615557,1
6000.0,22800.0,0.0,< 1 year,C,RENT,other,1900.0,700,14.306449587206206,129,Approved,0.0789473684210526,0.832899958804175,0.1413599582159191,1
3000.0,200000.0,0.0,2 years,C,MORTGAGE,home_improvement,16666.666666666668,700,12.951179803536174,188,Approved,0.0045,0.7678884304524933,0.4490462785223601,0
16000.0,70000.0,0.26,2 years,E,MORTGAGE,small_business,5833.333333333333,600,8.746831385240448,17,Approved,47.86857142857143,0.7546289981169392,0.4210701342368717,0
20000.0,100000.0,0.41,1 year,A,MORTGAGE,major_purchase,8333.333333333334,800,7.503827845300621,101,Approved,-27.640000000000004,0.8573246671830652,0.3500449293785493,0
28000.0,110000.0,0.44,< 1 year,A,MORTGAGE,other,9166.666666666666,800,7.65165699790219,162,Approved,-26.723636363636363,0.7858696050748643,0.9333949520205708,0
6000.0,70000.0,0.0,4 years,A,RENT,wedding,5833.333333333333,800,7.586233362655426,85,Approved,-39.97428571428571,0.83257134829001,0.0320333762466081,1
8000.0,51000.0,0.24,5 years,A,RENT,house,4250.0,800,9.339729565939294,352,Approved,-32.752941176470586,0.824109624457492,0.5992308702407545,1
25000.0,92200.0,0.47,7 years,D,RENT,small_business,7683.333333333333,650,18.56395718743571,140,Approved,34.181344902386115,0.8874906119481578,0.1508690366281244,1
7500.0,50000.0,0.48,6 years,B,MORTGAGE,other,4166.666666666667,750,9.79740534038422,248,Approved,-5.5550000000000015,0.9001360640195888,0.7442298650316962,0
6000.0,70000.0,0.0,6 years,A,MORTGAGE,other,5833.333333333333,800,18.90772565892857,58,Approved,-39.97428571428571,0.7186292952089841,0.0703591802484044,0
4000.0,14400.0,0.0,2 years,E,OWN,debt_consolidation,1200.0,600,10.8350035090479,86,Approved,40.083333333333336,0.8924200083075535,0.3639172621415841,0
1000.0,34000.0,0.35,< 1 year,A,RENT,moving,2833.333333333333,800,13.879530784823013,20,Approved,-29.49117647058824,0.925220434687796,0.1452517263319291,1
500.0,2000.0,0.0,< 1 year,B,RENT,other,166.66666666666666,750,16.979363575900962,314,Approved,-19.925,0.7839985137982625,0.5753355642984567,1
16000.0,100000.0,0.0,8 years,A,MORTGAGE,credit_card,8333.333333333334,800,18.94183800518435,325,Approved,-39.952,0.796467473402315,0.447913803027692,0
2750.0,4200.0,0.0,3 years,E,RENT,educational,350.0,600,9.159217521057876,38,Approved,40.19642857142857,0.9407376517932268,0.7384336295807548,1
15000.0,75000.0,0.0,10+ years,B,MORTGAGE,vacation,6250.0,750,19.825049586460693,51,Approved,-19.94,0.8990105758331123,0.2129090650983036,0
8000.0,110000.0,0.46,8 years,A,OTHER,debt_consolidation,9166.666666666666,800,13.625300627883808,120,Approved,-26.17818181818182,0.738974344333719,0.2458851731459846,0
8500.0,72000.0,0.33,9 years,B,MORTGAGE,car,6000.0,750,17.712967244632562,286,Approved,-10.064583333333331,0.851761780265724,0.7236253279393903,0
5000.0,48996.0,0.0,6 years,A,MORTGAGE,home_improvement,4083.0,800,14.998148029595123,273,Approved,-39.96938525593926,0.7684108630900711,0.0755955374243475,0
8500.0,75000.0,0.4,7 years,A,MORTGAGE,other,6250.0,800,14.03724414073369,358,Approved,-27.966,0.9284958062680624,0.5496376573955385,0
3000.0,80000.0,0.39,1 year,A,MORTGAGE,other,6666.666666666667,800,11.220945378670152,350,Approved,-28.28875,0.9312981488341496,0.9503385438178836,0
8000.0,20000.0,0.0,4 years,B,RENT,credit_card,1666.6666666666667,750,16.7278143184354,121,Approved,-19.88,0.9786623013745028,0.974947008127036,1
3375.0,101000.0,0.5,5 years,C,MORTGAGE,home_improvement,8416.666666666666,700,9.478258668153718,133,Approved,15.010024752475248,0.8408523066875587,0.4347893610517171,0
6500.0,480000.0,0.09,6 years,A,MORTGAGE,home_improvement,40000.0,800,10.2934013197335,144,Approved,-37.2959375,0.8619940742475616,0.4388005848538491,0
8000.0,120000.0,0.5,2 years,A,MORTGAGE,small_business,10000.0,800,12.96316012036521,196,Approved,-24.98,0.8765206915490835,0.4817466326886224,0
6000.0,48000.0,0.0,8 years,C,OWN,home_improvement,4000.0,700,10.017517256271049,294,Approved,0.0375,0.8388015371561242,0.1826540781841567,0
7000.0,18000.0,0.33,5 years,B,RENT,home_improvement,1500.0,750,19.87698459401859,132,Approved,-9.983333333333333,0.948118333260164,0.1654072470932012,1
35000.0,77100.0,0.2,6 years,A,RENT,small_business,6425.0,800,7.028156776900404,277,Approved,-33.86381322957198,0.7734771620041152,0.5242809334180579,1
2800.0,41496.0,0.0,10+ years,C,MORTGAGE,debt_consolidation,3458.0,700,19.63821349452964,70,Approved,0.020242914979757,0.8823146061429108,0.7466421447421376,0
1600.0,70000.0,0.45,9 years,B,RENT,credit_card,5833.333333333333,750,13.706752873541893,331,Approved,-6.493142857142857,0.8328597317120465,0.6773701410729178,1
12000.0,55500.0,0.0,10+ years,A,RENT,major_purchase,4625.0,800,18.341899951892785,116,Approved,-39.935135135135134,0.976931663872981,0.580977075692747,1
8000.0,120000.0,0.0,4 years,D,RENT,other,10000.0,650,13.218073089426603,253,Approved,20.02,0.8758787761298941,0.0179924896091846,1
14400.0,61000.0,0.49,2 years,A,OWN,debt_consolidation,5083.333333333333,800,10.211392128309493,47,Approved,-25.229180327868853,0.7374746996299012,0.9515998969411116,0
6000.0,65000.0,0.28,< 1 year,A,RENT,other,5416.666666666667,800,17.842561374137695,229,Approved,-31.57230769230769,0.7004340219022349,0.2499704564368506,1
10000.0,76800.0,0.0,4 years,A,MORTGAGE,credit_card,6400.0,800,11.945108636878432,95,Approved,-39.9609375,0.7856647293290564,0.0408906085671036,0
30000.0,174996.0,0.0,5 years,C,MORTGAGE,other,14583.0,700,12.578415577368236,135,Approved,0.0514297469656449,0.8687296967187839,0.0951056000319472,0
2500.0,30000.0,0.4,1 year,C,RENT,educational,2500.0,700,14.136368375868074,87,Approved,12.025,0.7767783472874173,0.4118390730367015,1
9000.0,110000.0,0.0,4 years,B,MORTGAGE,major_purchase,9166.666666666666,750,19.23599248853541,295,Approved,-19.975454545454543,0.8902482808645256,0.1451162231238736,0
10000.0,125000.0,0.14,3 years,A,MORTGAGE,home_improvement,10416.666666666666,800,9.09200575621978,111,Approved,-35.776,0.8687899814408567,0.6865626845198767,0
15000.0,96000.0,0.13,5 years,B,RENT,home_improvement,8000.0,750,19.847692028124108,43,Approved,-16.053125,0.9797210188037062,0.9605568199546008,1
2500.0,18984.0,0.0,10+ years,C,RENT,vacation,1582.0,700,7.357881637916175,55,Approved,0.0395069532237673,0.940579571469368,0.1547795277739748,1
8000.0,69936.0,0.0,10+ years,A,MORTGAGE,house,5828.0,800,8.523626156357219,345,Approved,-39.96568291008922,0.7757430410461685,0.5976200730997747,0
5600.0,54000.0,0.4,3 years,B,RENT,small_business,4500.0,750,9.709015348768924,70,Approved,-7.968888888888888,0.9265530610887548,0.0370656452463704,1
10000.0,50000.0,0.36,4 years,A,RENT,other,4166.666666666667,800,15.242734146258265,340,Approved,-29.140000000000004,0.9725529283057036,0.6583595053504513,1
2500.0,80000.0,0.09,7 years,A,RENT,medical,6666.666666666667,800,10.75955268769152,139,Approved,-37.290625,0.9231192297197216,0.8364158834210321,1
12000.0,46800.0,0.38,4 years,B,RENT,home_improvement,3900.0,750,8.673688896717765,150,Approved,-8.523076923076923,0.9182452869370218,0.7904397707214893,1
8000.0,61000.0,0.49,5 years,D,RENT,debt_consolidation,5083.333333333333,650,17.39474181879632,282,Approved,34.739344262295084,0.940066726696208,0.1528886496338456,1
3000.0,50400.0,0.0,7 years,A,MORTGAGE,car,4200.0,800,13.127481495283678,95,Approved,-39.98214285714285,0.877635079641774,0.9317891565893948,0
25000.0,85000.0,0.17,5 years,B,RENT,small_business,7083.333333333333,750,15.02169247505561,86,Approved,-14.811764705882354,0.9550692282705168,0.7722013671389166,1
1600.0,87500.0,0.27,2 years,B,MORTGAGE,small_business,7291.666666666667,750,7.383673497482936,320,Approved,-11.894514285714289,0.9677177785973976,0.6152760282409392,0
10000.0,85000.0,0.01,2 years,E,RENT,small_business,7083.333333333333,600,11.715661687710774,185,Approved,40.33529411764706,0.8347664096703471,0.4746157723965494,1
3000.0,114440.0,0.16,< 1 year,A,MORTGAGE,other,9536.666666666666,800,13.4806737496193,71,Approved,-35.19213561691716,0.8016078280506552,0.0168044715032827,0
13000.0,130000.0,0.05,1 year,A,MORTGAGE,moving,10833.333333333334,800,18.55764836856085,81,Approved,-38.47,0.95385173758215,0.1816940295635778,0
1800.0,156326.0,0.18,10+ years,A,RENT,major_purchase,13027.166666666666,800,17.237731743157518,78,Approved,-34.59654568018116,0.8346763051675617,0.5354844017716407,1
5000.0,48000.0,0.5,< 1 year,C,RENT,car,4000.0,700,7.350511855949057,203,Approved,15.03125,0.7719108250710806,0.9733180655290335,1
3000.0,62000.0,0.29,10+ years,C,MORTGAGE,medical,5166.666666666667,700,10.093267201150484,343,Approved,8.714516129032257,0.7106211727737146,0.1507484012339947,0
2700.0,99900.0,0.18,10+ years,A,MORTGAGE,major_purchase,8325.0,800,9.62368972120475,37,Approved,-34.59189189189189,0.7748766906154815,0.0520403089489283,0
10000.0,24000.0,0.0,6 years,A,RENT,major_purchase,2000.0,800,12.91492356091834,70,Approved,-39.875,0.7223603273108622,0.7568059777959513,1
24000.0,200000.0,0.2,< 1 year,D,OWN,debt_consolidation,16666.666666666668,650,19.372316916084007,316,Approved,26.036,0.8711765809390116,0.3355752137441552,0
12000.0,75000.0,0.4,< 1 year,B,RENT,major_purchase,6250.0,750,13.18010324249034,14,Approved,-7.952,0.9235492760815176,0.5045999896573087,1
12250.0,99000.0,0.34,10+ years,B,MORTGAGE,home_improvement,8250.0,750,16.31948829533135,91,Approved,-9.762878787878789,0.912951210375726,0.3986068153012544,0
2400.0,28560.0,0.21,7 years,A,MORTGAGE,other,2380.0,800,16.735420187284195,161,Approved,-33.674789915966386,0.921386143037934,0.2322343548477246,0
9000.0,80000.0,0.09,< 1 year,C,RENT,other,6666.666666666667,700,7.657402095104524,261,Approved,2.73375,0.9258383014146434,0.725677358475064,1
5000.0,70000.0,0.26,1 year,C,RENT,debt_consolidation,5833.333333333333,700,15.78677631992596,120,Approved,7.821428571428571,0.9051324491431746,0.5711411388150187,1
10000.0,75000.0,0.5,3 years,A,MORTGAGE,major_purchase,6250.0,800,10.8005659174655,148,Approved,-24.96,0.7142422627047782,0.8071640570016776,0
10400.0,47000.0,0.0,5 years,B,MORTGAGE,debt_consolidation,3916.6666666666665,750,9.774990690005808,33,Approved,-19.9336170212766,0.9643502349008054,0.3000472546002861,0
25200.0,68400.0,0.02,10+ years,C,MORTGAGE,home_improvement,5700.0,700,11.339603162547288,241,Approved,0.7105263157894737,0.8948205653735906,0.5644218893948859,0
5500.0,43000.0,0.28,5 years,D,RENT,wedding,3583.333333333333,650,16.82886982825388,322,Approved,28.43837209302325,0.73258834557389,0.7275382137923415,1
4800.0,24100.0,0.25,1 year,B,RENT,car,2008.3333333333333,750,19.826368314426738,229,Approved,-12.440248962655602,0.9769512318783308,0.1891338783750665,1
10000.0,111150.0,0.49,1 year,A,MORTGAGE,home_improvement,9262.5,800,16.974147825447393,140,Approved,-25.273009446693656,0.7629157187955682,0.9659434703296408,0
6100.0,12000.0,0.0,2 years,A,OWN,home_improvement,1000.0,800,17.96296316230376,132,Approved,-39.8475,0.8410534453511254,0.688457438936831,0
7000.0,150000.0,0.24,6 years,D,OWN,other,12500.0,650,13.752401780560156,359,Approved,27.214,0.8965580573350059,0.8146770801154134,0
15000.0,29040.0,0.0,2 years,B,RENT,home_improvement,2420.0,750,17.299246227493377,17,Approved,-19.84504132231405,0.7989387454596042,0.1294804135735789,1
2500.0,43200.0,0.0,10+ years,B,MORTGAGE,major_purchase,3600.0,750,18.574780002519287,215,Approved,-19.98263888888889,0.834043502048553,0.5799266951092462,0
25000.0,75000.0,0.32,4 years,B,MORTGAGE,other,6250.0,750,14.31216515598068,85,Approved,-10.3,0.8124987818228354,0.0864072599253831,0
10000.0,200000.0,0.26,< 1 year,A,MORTGAGE,medical,16666.666666666668,800,11.348793907332258,215,Approved,-32.185,0.902676844876392,0.3801257229422372,0
1000.0,21600.0,0.0,< 1 year,B,MORTGAGE,renewable_energy,1800.0,750,17.272953624802348,70,Approved,-19.98611111111111,0.7648189447299559,0.8116461941159638,0
10000.0,20008.0,0.0,2 years,B,RENT,house,1667.3333333333333,750,18.54512766276259,111,Approved,-19.8500599760096,0.8863668204566528,0.4095834259241624,1
8400.0,62400.0,0.27,10+ years,D,MORTGAGE,small_business,5200.0,650,9.351243421994669,45,Approved,28.140384615384612,0.9266681963286644,0.3998266805505236,0
15000.0,195000.0,0.45,5 years,B,MORTGAGE,major_purchase,16250.0,750,14.064274570613552,268,Approved,-6.476923076923077,0.9526274060919492,0.2682656609791248,0
2000.0,28800.0,0.0,3 years,A,RENT,car,2400.0,800,12.39723062978,260,Approved,-39.97916666666666,0.9245210331628416,0.1821415872558033,1
9250.0,45896.0,0.0,< 1 year,A,MORTGAGE,home_improvement,3824.6666666666665,800,12.266286872443672,152,Approved,-39.93953721457208,0.7172478362106869,0.2380863418361299,0
14500.0,40000.0,0.45,< 1 year,D,MORTGAGE,debt_consolidation,3333.333333333333,650,12.959614643849193,192,Approved,33.60875,0.8570360686811049,0.3847811006010606,0
24000.0,66000.0,0.0,4 years,B,RENT,small_business,5500.0,750,19.657813092262383,324,Approved,-19.89090909090909,0.7144165714524364,0.9016626944070713,1
5000.0,95000.0,0.25,5 years,D,MORTGAGE,debt_consolidation,7916.666666666667,650,19.139348846987225,154,Approved,27.51578947368421,0.744837582386135,0.703381742710499,0
5000.0,60000.0,0.5,1 year,A,MORTGAGE,small_business,5000.0,800,12.824469037150894,311,Approved,-24.975,0.7354889660786308,0.6785604987241891,0
5000.0,85000.0,0.42,1 year,C,OWN,educational,7083.333333333333,700,13.10075833422646,313,Approved,12.617647058823527,0.8869225565536096,0.0114636513527559,0
3500.0,12996.0,0.0,2 years,A,RENT,educational,1083.0,800,12.669442718329307,254,Approved,-39.919205909510616,0.9372472320044932,0.5894834351623606,1
6000.0,38004.0,0.0,1 year,D,RENT,debt_consolidation,3167.0,650,17.253834294424735,167,Approved,20.04736343542785,0.8581945884348747,0.5627182890962644,1
10800.0,30000.0,0.4,< 1 year,B,RENT,small_business,2500.0,750,18.8681727120054,243,Approved,-7.892,0.8297907863888995,0.5734626328913179,1
5000.0,10000.0,0.0,< 1 year,D,RENT,small_business,833.3333333333334,650,17.945928586203017,308,Approved,20.15,0.95697800468578,0.8990757093236738,1
10000.0,38000.0,0.25,4 years,B,OWN,moving,3166.6666666666665,750,16.357587961531568,327,Approved,-12.421052631578949,0.7171658656562565,0.8259048838813812,0
24000.0,160000.0,0.2,10+ years,D,OWN,house,13333.333333333334,650,19.768626915065983,254,Approved,26.045,0.9472549948702688,0.7422805153897792,0
10200.0,106000.0,0.17,2 years,A,MORTGAGE,debt_consolidation,8833.333333333334,800,16.451707519961985,86,Approved,-34.8711320754717,0.7746742130397706,0.1126894841302059,0
16000.0,300000.0,0.16,10+ years,A,RENT,home_improvement,25000.0,800,19.17393517342807,232,Approved,-35.184000000000005,0.8300193030293663,0.3752917726468906,1
8800.0,55600.0,0.0,10+ years,B,OWN,car,4633.333333333333,750,10.602538954602093,205,Approved,-19.95251798561151,0.747805449456884,0.797831118256756,0
10000.0,70000.0,0.0,3 years,B,MORTGAGE,small_business,5833.333333333333,750,11.429150318195878,101,Approved,-19.957142857142856,0.7328808683717686,0.9550973346287428,0
4000.0,32000.0,0.38,2 years,C,OWN,wedding,2666.6666666666665,700,11.408666388738514,267,Approved,11.4375,0.7702799614750403,0.3176591253955906,0
5750.0,125000.0,0.27,10+ years,A,MORTGAGE,debt_consolidation,10416.666666666666,800,17.490418935284495,253,Approved,-31.8862,0.9354941656100578,0.9650064012708952,0
10000.0,60000.0,0.2,10+ years,A,MORTGAGE,wedding,5000.0,800,17.067564563564524,47,Approved,-33.95,0.7677746456009681,0.4612385014703609,0
5000.0,31656.0,0.0,3 years,E,MORTGAGE,small_business,2638.0,600,15.397989059105544,233,Approved,40.04738438210766,0.7178976288308916,0.4897783983784995,0
25000.0,120000.0,0.24,5 years,D,MORTGAGE,educational,10000.0,650,11.363543983231516,357,Approved,27.2625,0.977260590989922,0.8282644565199361,0
1600.0,18000.0,0.0,2 years,E,RENT,other,1500.0,600,11.643767236317595,133,Approved,40.02666666666666,0.8587502742345807,0.8592184078600303,1
5500.0,74000.0,0.45,4 years,E,RENT,vacation,6166.666666666667,600,17.812544530589733,270,Approved,53.5222972972973,0.7936469777669063,0.0080106007544898,1
7925.0,720000.0,0.03,1 year,A,MORTGAGE,home_improvement,60000.0,800,18.03130942616069,318,Approved,-39.09669791666667,0.8308777940763409,0.2069668941298886,0
12000.0,40000.0,0.45,< 1 year,B,RENT,other,3333.333333333333,750,18.42711441382709,14,Approved,-6.41,0.9370162684262724,0.6412595162086585,1
10000.0,45000.0,0.0,1 year,B,MORTGAGE,car,3750.0,750,8.986013953017775,125,Approved,-19.933333333333334,0.7479040538153426,0.9389479690478582,0
5150.0,68000.0,0.0,7 years,A,RENT,debt_consolidation,5666.666666666667,800,9.27406725069392,170,Approved,-39.97727941176471,0.9288108089265674,0.0627919899199784,1
2000.0,30000.0,0.24,10+ years,A,RENT,car,2500.0,800,19.712968936456495,342,Approved,-32.779999999999994,0.7090760640937034,0.1856781220378945,1
15000.0,306000.0,0.46,9 years,B,MORTGAGE,home_improvement,25500.0,750,19.5874774258703,101,Approved,-6.18529411764706,0.9503340463451524,0.3604816165521876,0
15000.0,115000.0,0.26,3 years,A,MORTGAGE,home_improvement,9583.333333333334,800,8.23663536221232,138,Approved,-32.1608695652174,0.9787933222371878,0.9106962075190308,0
1500.0,12000.0,0.0,< 1 year,D,RENT,other,1000.0,650,15.993950811780287,337,Approved,20.0375,0.7770544813676623,0.4152178298440795,1
10000.0,114000.0,0.11,< 1 year,D,RENT,debt_consolidation,9500.0,650,13.4976536404941,21,Approved,23.32631578947369,0.7256462035054891,0.0266587165765126,1
25000.0,61000.0,0.0,7 years,B,RENT,small_business,5083.333333333333,750,12.95561521590976,213,Approved,-19.87704918032787,0.925123517013487,0.6293585405073597,1
9000.0,112000.0,0.43,4 years,A,OTHER,small_business,9333.333333333334,800,17.911540483324572,51,Approved,-27.075892857142858,0.8405887844101801,0.7182079196315816,0
7100.0,50400.0,0.14,2 years,A,RENT,major_purchase,4200.0,800,18.320708560407414,337,Approved,-35.75773809523809,0.8920479561371608,0.8732300526800824,1
10000.0,42500.0,0.28,10+ years,C,MORTGAGE,debt_consolidation,3541.6666666666665,700,10.906686577751792,357,Approved,8.470588235294118,0.7444482932877827,0.9631617616935388,0
5000.0,58106.0,0.23,4 years,C,RENT,car,4842.166666666667,700,16.441608709467236,178,Approved,6.925814890028568,0.960698320556566,0.9723281708546784,1
1200.0,24000.0,0.0,9 years,D,MORTGAGE,debt_consolidation,2000.0,650,16.332097122826408,277,Approved,20.015,0.7480575218681874,0.78756013641286,0
5600.0,5000.0,0.0,< 1 year,C,RENT,moving,416.6666666666667,700,9.67868892951666,154,Approved,0.336,0.936624177178532,0.3478784891101101,1
4000.0,25200.0,0.0,10+ years,A,OWN,moving,2100.0,800,10.128861726011792,222,Approved,-39.95238095238095,0.7238153892427612,0.4525285924749204,0
11000.0,117000.0,0.48,9 years,A,MORTGAGE,other,9750.0,800,11.43831352486458,244,Approved,-25.57179487179487,0.9521883850151792,0.0820440601459848,0
30000.0,61200.0,0.08,10+ years,B,MORTGAGE,home_improvement,5100.0,750,16.635826687921284,348,Approved,-17.45294117647059,0.761143313497308,0.1757823869246765,0
5000.0,63000.0,0.38,2 years,A,RENT,educational,5250.0,800,9.13934283540923,101,Approved,-28.57619047619048,0.8900208927413987,0.8093401565076208,1
10000.0,77000.0,0.31,10+ years,A,MORTGAGE,major_purchase,6416.666666666667,800,19.10008714747935,148,Approved,-30.661038961038965,0.8677946263557262,0.406629369431617,0
9200.0,35000.0,0.0,1 year,C,RENT,small_business,2916.6666666666665,700,9.41096236264714,217,Approved,0.0788571428571428,0.8645471947208152,0.5191120963638747,1
5000.0,20000.0,0.0,< 1 year,E,RENT,debt_consolidation,1666.6666666666667,600,10.038617425746365,162,Approved,40.075,0.8632780856751797,0.5094380219525195,1
8000.0,33000.0,0.36,3 years,C,RENT,house,2750.0,700,11.47590458426217,91,Approved,10.872727272727271,0.8224601782366397,0.8910633857396275,1
12000.0,40000.0,0.0,5 years,B,RENT,small_business,3333.333333333333,750,7.4957299960698,33,Approved,-19.91,0.922967966930282,0.1718848571362385,1
20000.0,45000.0,0.32,10+ years,E,RENT,small_business,3750.0,600,12.597799600255106,285,Approved,49.73333333333333,0.7452601697742547,0.5958973095651335,1
24000.0,105400.0,0.34,1 year,C,RENT,educational,8783.333333333334,700,13.689130664362128,228,Approved,10.26831119544592,0.7891748286893279,0.5953163374820972,1
15000.0,117696.0,0.25,2 years,A,MORTGAGE,home_improvement,9808.0,800,13.374165438017792,74,Approved,-32.46176590538336,0.955212574722648,0.7905174730052998,0
25000.0,53979.0,0.0,5 years,B,MORTGAGE,house,4498.25,750,17.249050059157533,166,Approved,-19.86105707775246,0.7908929215493908,0.8092448798551927,0
12000.0,78000.0,0.46,3 years,D,OWN,car,6500.0,650,13.264226547165707,255,Approved,33.84615384615385,0.947519810393134,0.4940441143772575,0
4000.0,66480.0,0.0,6 years,A,OWN,home_improvement,5540.0,800,15.65756168436579,297,Approved,-39.98194945848376,0.8760528815169235,0.8106901332425871,0
2400.0,106000.0,0.37,10+ years,B,MORTGAGE,home_improvement,8833.333333333334,750,15.0243106043534,111,Approved,-8.893207547169812,0.7165418194443209,0.3711339169550077,0
9250.0,14400.0,0.08,< 1 year,D,OWN,debt_consolidation,1200.0,650,8.62910300490981,301,Approved,22.59270833333333,0.7367094096434665,0.1170295226808627,0
3600.0,9600.0,0.0,< 1 year,D,OWN,other,800.0,650,8.228674139283854,113,Approved,20.1125,0.7957984536531841,0.506865832915504,0
900.0,57000.0,0.32,4 years,A,OWN,home_improvement,4750.0,800,17.735215015027016,202,Approved,-30.395263157894732,0.8536343384967252,0.5841078100931049,0
6000.0,15000.0,0.0,3 years,D,RENT,major_purchase,1250.0,650,11.547148659528238,100,Approved,20.12,0.8744664427077964,0.066739251740808,1
20000.0,80000.0,0.22,10+ years,B,OWN,medical,6666.666666666667,750,18.337037440364305,258,Approved,-13.325,0.8205814911686943,0.8953117583665957,0
8000.0,39432.0,0.0,6 years,B,MORTGAGE,home_improvement,3286.0,750,9.25006762978418,325,Approved,-19.939135727328058,0.7746905058711139,0.7719408119431111,0
8000.0,87000.0,0.07,< 1 year,B,MORTGAGE,major_purchase,7250.0,750,9.65908844869504,47,Approved,-17.872413793103448,0.7429835144817771,0.6174925385627149,0
25000.0,175000.0,0.23,1 year,B,RENT,credit_card,14583.333333333334,750,7.132004813487372,174,Approved,-13.05714285714286,0.9436607418322818,0.6959080327297387,1
5000.0,200000.0,0.28,4 years,A,RENT,house,16666.666666666668,800,7.494686662215913,285,Approved,-31.5925,0.9317200784805484,0.1251181907121367,1
8350.0,77100.0,0.39,6 years,A,RENT,small_business,6425.0,800,8.219385670802602,304,Approved,-28.26750972762646,0.7164436532361862,0.9259009704230816,1
3000.0,40000.0,0.45,5 years,B,MORTGAGE,home_improvement,3333.333333333333,750,18.13103530341717,233,Approved,-6.4775,0.8829621305693486,0.1043169401637184,0
5000.0,190000.0,0.16,6 years,A,MORTGAGE,small_business,15833.333333333334,800,13.283461361857809,34,Approved,-35.1921052631579,0.7178737437143795,0.0259067838970016,0
2500.0,36000.0,0.5,3 years,B,RENT,other,3000.0,750,9.77009545167959,144,Approved,-4.979166666666667,0.9046546331427898,0.5090933524727658,1
10000.0,165000.0,0.33,2 years,B,RENT,credit_card,13750.0,750,12.971470392239548,341,Approved,-10.081818181818182,0.8767826053886709,0.8470727414086225,1
35000.0,160000.0,0.15,5 years,A,MORTGAGE,home_improvement,13333.333333333334,800,13.416318611987023,112,Approved,-35.434375,0.9789541268167806,0.8338619296525717,0
6000.0,40000.0,0.3,6 years,C,RENT,other,3333.333333333333,700,12.735470217458715,240,Approved,9.045,0.7514217585929378,0.1671322583724763,1
6000.0,61000.0,0.2,< 1 year,A,MORTGAGE,home_improvement,5083.333333333333,800,8.953572498249418,325,Approved,-33.97049180327869,0.8587651236266265,0.452335700154397,0
4750.0,40000.0,0.0,6 years,A,MORTGAGE,home_improvement,3333.333333333333,800,11.86280782856455,340,Approved,-39.964375,0.8571644180608434,0.2491903822732024,0
12500.0,72000.0,0.25,10+ years,B,MORTGAGE,credit_card,6000.0,750,8.152150425678732,28,Approved,-12.447916666666666,0.8620555710092164,0.7838114716899741,0
1000.0,25200.0,0.29,3 years,B,OWN,educational,2100.0,750,14.168659807558466,354,Approved,-11.288095238095238,0.8039772791060456,0.5298017560673637,0
5000.0,120000.0,0.25,2 years,A,RENT,medical,10000.0,800,17.88205598626241,186,Approved,-32.4875,0.7803813131557847,0.204708960252645,1
2500.0,69000.0,0.2,10+ years,A,RENT,debt_consolidation,5750.0,800,10.547268671145291,189,Approved,-33.98913043478261,0.8302501222233779,0.0245813976717694,1
25000.0,200000.0,0.0,10+ years,A,MORTGAGE,home_improvement,16666.666666666668,800,16.40938033656386,226,Approved,-39.9625,0.8908193628486427,0.0181719089794525,0
9000.0,91200.0,0.0,10+ years,A,MORTGAGE,other,7600.0,800,15.501621602212222,229,Approved,-39.9703947368421,0.915304173612432,0.0900382085504791,0
5000.0,36000.0,0.08,3 years,B,MORTGAGE,debt_consolidation,3000.0,750,11.551087154694155,138,Approved,-17.558333333333334,0.7476032225729135,0.198162944368869,0
3500.0,28800.0,0.0,< 1 year,A,RENT,car,2400.0,800,9.066519218302124,342,Approved,-39.96354166666666,0.7026622543108879,0.9725009435752384,1
20000.0,82726.0,0.22,7 years,C,MORTGAGE,small_business,6893.833333333333,700,14.33339940294113,315,Approved,6.672528588351908,0.7301361328750962,0.9839176376298306,0
5000.0,57600.0,0.08,9 years,A,MORTGAGE,home_improvement,4800.0,800,15.61620306858792,165,Approved,-37.57395833333334,0.8006268043214863,0.7641334146904396,0
10000.0,140004.0,0.5,4 years,A,MORTGAGE,home_improvement,11667.0,800,18.417288531803777,67,Approved,-24.978572040798834,0.8065740961322122,0.6615594344528225,0
18000.0,73200.0,0.26,5 years,B,MORTGAGE,home_improvement,6100.0,750,11.627365450122356,139,Approved,-12.12622950819672,0.8693207065125097,0.1758329852838275,0
6000.0,33360.0,0.0,6 years,B,MORTGAGE,home_improvement,2780.0,750,11.835048652796884,86,Approved,-19.946043165467625,0.9773542537714304,0.3446334213544757,0
12000.0,120000.0,0.38,4 years,B,RENT,other,10000.0,750,11.471233448805815,168,Approved,-8.57,0.8452056369302109,0.8450836561277448,1
4800.0,55000.0,0.0,3 years,D,RENT,major_purchase,4583.333333333333,650,19.19173214361552,124,Approved,20.02618181818182,0.8098687864974756,0.0830016126748558,1
2000.0,48000.0,0.0,10+ years,B,RENT,other,4000.0,750,17.402928087161406,233,Approved,-19.9875,0.8706829971707459,0.999817764958989,1
8000.0,112000.0,0.48,4 years,D,MORTGAGE,other,9333.333333333334,650,10.981427264303097,343,Approved,34.42142857142857,0.9367801872914346,0.9183093928526872,0
7000.0,10000.0,0.0,< 1 year,B,RENT,educational,833.3333333333334,750,12.501361220672642,255,Approved,-19.79,0.8462947574787163,0.5137514040627951,1
11000.0,41280.0,0.0,3 years,D,RENT,major_purchase,3440.0,650,8.303069127416283,28,Approved,20.07994186046512,0.7455539859725651,0.260736645491171,1
5000.0,48000.0,0.4,8 years,A,MORTGAGE,home_improvement,4000.0,800,18.463125858750857,249,Approved,-27.96875,0.928164391465506,0.6220225993826927,0
12000.0,130000.0,0.5,1 year,D,RENT,debt_consolidation,10833.333333333334,650,13.5528360830389,26,Approved,35.027692307692305,0.7922386811621948,0.1681110305505045,1
5000.0,150000.0,0.0,8 years,A,MORTGAGE,home_improvement,12500.0,800,8.998836685204449,267,Approved,-39.99,0.8855939195363793,0.6065561588287411,0
5000.0,48000.0,0.38,2 years,A,MORTGAGE,home_improvement,4000.0,800,17.574639217300643,94,Approved,-28.56875,0.9789484622845456,0.5564237210093737,0
2500.0,69736.0,0.0,10+ years,E,MORTGAGE,small_business,5811.333333333333,600,7.230660606659303,333,Approved,40.01075484685098,0.7504354854422258,0.0971708281792466,0
9000.0,84996.0,0.0,4 years,A,MORTGAGE,other,7083.0,800,19.102584465187327,321,Approved,-39.96823379923761,0.7212530405234818,0.4214997566705312,0
8000.0,73000.0,0.44,2 years,A,RENT,car,6083.333333333333,800,19.34192833833108,151,Approved,-26.767123287671232,0.8596280364199174,0.9275271128452772,1
10000.0,120000.0,0.03,2 years,B,RENT,house,10000.0,750,9.39022270354532,47,Approved,-19.075000000000003,0.7740861886641914,0.4391086698288564,1
5000.0,100000.0,0.0,2 years,B,MORTGAGE,home_improvement,8333.333333333334,750,9.76903128332216,203,Approved,-19.985,0.9434838352551044,0.8170788636702657,0
6000.0,58125.48,0.0,10+ years,B,MORTGAGE,small_business,4843.79,750,13.40898126810273,303,Approved,-19.969032513796016,0.7443879196370825,0.5599160270213304,0
5000.0,150000.0,0.33,1 year,D,RENT,other,12500.0,650,15.184258217764844,267,Approved,29.91,0.9213924637542394,0.8841407881125606,1
5000.0,50000.0,0.48,2 years,E,RENT,medical,4166.666666666667,600,16.010041054717238,38,Approved,54.43,0.9704727582687592,0.7681290668803097,1
3000.0,42000.0,0.44,4 years,B,RENT,major_purchase,3500.0,750,16.189811149291938,289,Approved,-6.778571428571429,0.8229969575779356,0.198423242609434,1
15000.0,83004.0,0.36,6 years,A,MORTGAGE,home_improvement,6917.0,800,11.71512762123413,95,Approved,-29.14578574526529,0.8015924003500181,0.4102633940473772,0
15000.0,70000.0,0.26,1 year,B,MORTGAGE,small_business,5833.333333333333,750,7.572591188934908,286,Approved,-12.135714285714284,0.8478317314757061,0.8571343139668463,0
6000.0,82000.0,0.4,10+ years,A,MORTGAGE,other,6833.333333333333,800,13.39336240432484,275,Approved,-27.978048780487804,0.9133880226660204,0.4355987859420918,0
12000.0,65000.0,0.28,7 years,C,RENT,small_business,5416.666666666667,700,19.661286204761723,27,Approved,8.455384615384617,0.8353425048842446,0.0446657956308875,1
10000.0,117000.0,0.0,2 years,A,RENT,other,9750.0,800,18.903181977274222,113,Approved,-39.97435897435897,0.8532306323382239,0.1025820445781452,1
3000.0,32400.0,0.0,5 years,E,RENT,other,2700.0,600,10.57433848418829,341,Approved,40.02777777777778,0.7279803529499088,0.6050604898796341,1
10800.0,80000.0,0.0,10+ years,B,MORTGAGE,home_improvement,6666.666666666667,750,8.53915743081592,287,Approved,-19.9595,0.8806696891825779,0.1128003782528555,0
10000.0,82500.0,0.04,10+ years,A,OWN,house,6875.0,800,16.757528678752593,339,Approved,-38.76363636363636,0.8962791098369438,0.5047871479419936,0
5875.0,371000.0,0.3,< 1 year,A,MORTGAGE,other,30916.666666666668,800,14.18958859905181,288,Approved,-30.99524932614555,0.8549067851471688,0.7706252382157143,0
5000.0,58000.0,0.12,4 years,C,RENT,debt_consolidation,4833.333333333333,700,8.469515723388492,91,Approved,3.625862068965517,0.7083451825868101,0.8362198443981484,1
5000.0,28000.0,0.43,< 1 year,A,RENT,small_business,2333.333333333333,800,16.757649327907988,183,Approved,-27.04642857142857,0.7037289601797003,0.4865712443188149,1
3000.0,14400.0,0.0,< 1 year,A,RENT,car,1200.0,800,17.431789135434123,189,Approved,-39.9375,0.7134479114014237,0.432504661109555,1
3000.0,984000.0,0.29,10+ years,B,RENT,other,82000.0,750,17.400968311680607,213,Approved,-11.29908536585366,0.9308855782421588,0.5364089200439279,1
20000.0,115000.0,0.31,3 years,B,RENT,debt_consolidation,9583.333333333334,750,19.22215604083302,44,Approved,-10.647826086956522,0.7808789349875529,0.2111729704957541,1
5000.0,48000.0,0.38,10+ years,B,RENT,major_purchase,4000.0,750,14.427492341671112,293,Approved,-8.56875,0.8547766926219664,0.3627473694515151,1
10000.0,36000.0,0.5,5 years,B,RENT,car,3000.0,750,17.74993701101844,121,Approved,-4.916666666666667,0.7467772073759855,0.3568991263237756,1
3500.0,50000.0,0.0,3 years,D,MORTGAGE,major_purchase,4166.666666666667,650,12.823246016590549,282,Approved,20.021,0.7454921281919369,0.0502682090415286,0
30000.0,68496.0,0.0,< 1 year,B,MORTGAGE,major_purchase,5708.0,750,14.973106400704228,357,Approved,-19.86860546601261,0.7614382187698429,0.710572064048109,0
24000.0,368000.0,0.09,5 years,D,RENT,wedding,30666.666666666668,650,9.88698782965669,140,Approved,22.719565217391303,0.863541421392269,0.6590668635160042,1
15000.0,59880.0,0.0,< 1 year,B,RENT,other,4990.0,750,19.159264008038512,349,Approved,-19.9248496993988,0.836261161621918,0.7998075312754986,1
27700.0,60000.0,0.32,6 years,E,MORTGAGE,small_business,5000.0,600,18.80500884789108,199,Approved,49.7385,0.7074249186519811,0.4660452593387134,0
21000.0,170000.0,0.2,10+ years,C,OWN,house,14166.666666666666,700,11.708863128573032,161,Approved,6.037058823529412,0.799127656403444,0.5754903528725415,0
12000.0,60000.0,0.28,10+ years,A,MORTGAGE,credit_card,5000.0,800,10.59724107855858,201,Approved,-31.540000000000003,0.747452571852748,0.9508037604551088,0
17600.0,153000.0,0.12,1 year,B,RENT,medical,12750.0,750,11.348637226199552,137,Approved,-16.36549019607843,0.9264002956530484,0.2198351458534431,1
1000.0,98000.0,0.43,6 years,A,MORTGAGE,major_purchase,8166.666666666667,800,12.438330669501456,359,Approved,-27.096938775510207,0.9651547226723096,0.8473902993351468,0
7200.0,45000.0,0.0,3 years,A,RENT,house,3750.0,800,11.90689466546619,56,Approved,-39.952,0.9159282685299754,0.9147326632042372,1
2400.0,51000.0,0.35,2 years,A,MORTGAGE,major_purchase,4250.0,800,10.64907937937634,90,Approved,-29.48588235294117,0.9081920943818972,0.0168691384072859,0
7000.0,50000.0,0.34,2 years,A,RENT,major_purchase,4166.666666666667,800,10.91327387282202,218,Approved,-29.758,0.7985660600900928,0.441702978125944,1
25000.0,3900000.0,0.2,3 years,B,MORTGAGE,home_improvement,325000.0,750,16.043264782995855,342,Approved,-13.998076923076924,0.8991460258073296,0.2929911075112129,0
3000.0,48000.0,0.0,4 years,B,RENT,moving,4000.0,750,8.088410743787566,347,Approved,-19.98125,0.7591535923159043,0.3950605187286266,1
25000.0,180000.0,0.07,2 years,B,OWN,home_improvement,15000.0,750,16.722698106758422,184,Approved,-17.85833333333333,0.7193584822023932,0.8620491671949567,0
3000.0,96000.0,0.19,< 1 year,A,MORTGAGE,car,8000.0,800,12.410687579250167,260,Approved,-34.290625,0.7894674526162179,0.8950340522393239,0
1200.0,36000.0,0.0,< 1 year,B,RENT,major_purchase,3000.0,750,8.612949505289562,239,Approved,-19.99,0.824072757278691,0.2732539216311693,1
20000.0,150000.0,0.16,4 years,B,MORTGAGE,car,12500.0,750,7.05002476308338,144,Approved,-15.16,0.7203054167845948,0.360715774908816,0
16000.0,43000.0,0.42,< 1 year,B,RENT,small_business,3583.333333333333,750,13.971367870615078,128,Approved,-7.288372093023256,0.8605558872854282,0.7916072097411397,1
20000.0,277104.0,0.22,< 1 year,B,RENT,debt_consolidation,23092.0,750,8.416023904213997,159,Approved,-13.378347479646632,0.8036378304689666,0.5732923315441442,1
4200.0,10800.0,0.0,< 1 year,B,RENT,moving,900.0,750,13.956183047460224,97,Approved,-19.883333333333333,0.941621418621018,0.4350472666218596,1
18600.0,95000.0,0.44,5 years,C,RENT,other,7916.666666666667,700,13.94179698773977,181,Approved,13.258736842105264,0.9146172126089912,0.3389986599002565,1
9625.0,115731.0,0.25,10+ years,B,MORTGAGE,debt_consolidation,9644.25,750,14.28779266956476,196,Approved,-12.4750499001996,0.812853264329628,0.0728467612096577,0
14000.0,118000.0,0.11,9 years,A,OWN,small_business,9833.333333333334,800,17.920427464238678,186,Approved,-36.66440677966102,0.7580876112704785,0.5615699297935407,0
15000.0,32000.0,0.38,10+ years,C,OTHER,other,2666.6666666666665,700,14.971278576756042,95,Approved,11.540625,0.9682345440734684,0.2088246478189501,0
6000.0,780000.0,0.27,5 years,B,RENT,major_purchase,65000.0,750,11.722881221740652,15,Approved,-11.897692307692308,0.9287868719254744,0.6519004754423126,1
25000.0,334000.0,0.22,8 years,D,MORTGAGE,debt_consolidation,27833.33333333333,650,17.466716637301715,298,Approved,26.62245508982036,0.935417567920821,0.9705805330426104,0
11000.0,82000.0,0.0,3 years,A,MORTGAGE,other,6833.333333333333,800,15.529375606669138,282,Approved,-39.95975609756098,0.8805856583103179,0.8908934552991082,0
5850.0,28800.0,0.42,< 1 year,A,RENT,other,2400.0,800,7.991930361376004,112,Approved,-27.3390625,0.9052841726637664,0.8637540947444052,1
31800.0,75000.0,0.45,< 1 year,B,MORTGAGE,house,6250.0,750,19.968508266451447,344,Approved,-6.3728,0.9572470635767316,0.0808315613840309,0
3600.0,28000.0,0.0,3 years,D,RENT,major_purchase,2333.333333333333,650,19.64019440511773,115,Approved,20.03857142857143,0.9041118218701224,0.4261988779787695,1
3000.0,88992.0,0.0,10+ years,B,MORTGAGE,car,7416.0,750,16.965964892527417,95,Approved,-19.989886731391582,0.8284038745930508,0.2488880756302786,0
5200.0,57000.0,0.32,1 year,B,MORTGAGE,home_improvement,4750.0,750,14.752532993972151,333,Approved,-10.372631578947368,0.903125736080801,0.2597101209752658,0
25000.0,94800.0,0.13,4 years,C,RENT,major_purchase,7900.0,700,8.987104272630095,36,Approved,3.979113924050633,0.7026889905343613,0.6200762701081104,1
3200.0,36500.0,0.33,7 years,A,MORTGAGE,car,3041.6666666666665,800,17.765119253779453,29,Approved,-30.073698630136988,0.839172386738254,0.0787483400474803,0
5000.0,135000.0,0.36,4 years,E,MORTGAGE,small_business,11250.0,600,18.208618223483136,281,Approved,50.81111111111111,0.8173164568979473,0.104115149039345,0
7000.0,74760.0,7.99,7 years,B,MORTGAGE,car,6230.0,750,8.258603238615384,291,Rejected,219.72808988764044,0.7598236440236891,0.5808565186261049,0
21500.0,140000.0,24.2,10+ years,B,OWN,debt_consolidation,11666.666666666666,750,7.38458913853046,125,Rejected,706.0460714285714,0.8802491995404647,0.8724227601055665,0
2200.0,45500.0,12.58,< 1 year,D,RENT,other,3791.6666666666665,650,12.173658558935076,125,Rejected,397.4145054945055,0.9565072822002864,0.0530337129216803,1
1800.0,50004.0,18.93,1 year,B,MORTGAGE,other,4167.0,750,10.791996609751353,333,Rejected,547.910799136069,0.801674695719382,0.5530305055696692,0
15000.0,90000.0,17.85,9 years,B,MORTGAGE,debt_consolidation,7500.0,750,11.486095174969906,108,Rejected,515.55,0.8968990393997146,0.455449902157325,0
7000.0,48000.0,10.35,10+ years,A,RENT,house,4000.0,800,19.254698013876503,253,Rejected,270.54375,0.8327573953824376,0.7446826166357897,1
32000.0,75000.0,13.97,10+ years,F,MORTGAGE,credit_card,6250.0,550,18.322496212172723,236,Rejected,479.228,0.781978686778556,0.0645648771401872,0
19000.0,34000.0,17.44,10+ years,B,MORTGAGE,debt_consolidation,2833.333333333333,750,12.48229456617062,18,Rejected,503.3676470588236,0.8624819509479915,0.0326072158394604,0
4500.0,57000.0,18.67,1 year,A,MORTGAGE,medical,4750.0,800,13.23455488191464,170,Rejected,520.1236842105263,0.7225248207546053,0.9766790069606566,0
25000.0,76000.0,19.25,10+ years,F,RENT,credit_card,6333.333333333333,550,16.97938222496643,349,Rejected,637.5986842105264,0.8344845133317448,0.4260342117335627,1
14500.0,39000.0,21.54,5 years,D,MORTGAGE,home_improvement,3250.0,650,9.675416251827846,98,Rejected,666.3115384615384,0.8842339048514319,0.1796624287650996,0
8000.0,64000.0,9.54,8 years,A,RENT,debt_consolidation,5333.333333333333,800,19.77543329847456,116,Rejected,246.23749999999995,0.9127280220006112,0.3819184780388959,1
1500.0,24000.0,18.65,< 1 year,E,RENT,other,2000.0,600,19.784125370423236,18,Rejected,599.5187499999998,0.851035966007416,0.7547490986014264,1
8200.0,150000.0,12.71,9 years,A,MORTGAGE,credit_card,12500.0,800,18.632823979973544,202,Rejected,341.3164,0.7171001910662803,0.7314911439690626,0
18000.0,64000.0,3.53,3 years,B,RENT,credit_card,5333.333333333333,750,17.10618881998152,248,Rejected,85.98437499999999,0.8094931233040793,0.923661465743898,1
3200.0,95000.0,4.61,6 years,A,RENT,credit_card,7916.666666666667,800,7.725317402785746,249,Rejected,98.31010526315792,0.9500793892725165,0.2028270482475749,1
9100.0,49200.0,7.37,2 years,D,RENT,credit_card,4100.0,650,16.0340743487083,133,Rejected,241.15548780487805,0.9217486454425112,0.473738023827617,1
14125.0,36500.0,21.99,5 years,A,RENT,debt_consolidation,3041.6666666666665,800,14.393528668191433,210,Rejected,619.8160958904109,0.8367726026644162,0.1306042990192919,1
12000.0,50600.0,15.68,1 year,C,RENT,debt_consolidation,4216.666666666667,700,10.919124014816028,226,Rejected,470.4711462450593,0.8829287159380623,0.4655212953579329,1
2500.0,60000.0,17.64,10+ years,A,RENT,home_improvement,5000.0,800,17.951631427541486,233,Rejected,489.2124999999999,0.9684867015846093,0.2740375192984079,1
20000.0,65000.0,15.66,4 years,C,RENT,wedding,5416.666666666667,700,12.268371299743398,30,Rejected,469.89230769230767,0.8932564049605493,0.0816763438715892,1
5000.0,19200.0,19.69,10+ years,A,RENT,credit_card,1600.0,800,9.862561892866804,23,Rejected,550.778125,0.8963435229319374,0.0693282930105394,1
20000.0,115000.0,5.25,3 years,F,MORTGAGE,debt_consolidation,9583.333333333334,550,19.825539041278027,179,Rejected,217.55217391304348,0.8858257095646631,0.0078674639599333,0
25000.0,78000.0,12.32,1 year,B,RENT,credit_card,6500.0,750,7.709203198732506,226,Rejected,349.69615384615383,0.8758183153902525,0.835289119077174,1
8000.0,117000.0,11.22,10+ years,C,MORTGAGE,other,9750.0,700,19.96537538351346,302,Rejected,336.6205128205128,0.8294349369706832,0.7203873589231331,0
10000.0,36000.0,9.0,4 years,F,RENT,small_business,3000.0,550,8.142466195051522,275,Rejected,330.0833333333333,0.9632882825707184,0.7991172587745338,1
5600.0,42000.0,17.71,2 years,B,OWN,credit_card,3500.0,750,9.133008201421568,356,Rejected,511.34,0.932946979115972,0.3285403019802644,0
24500.0,142000.0,11.7,3 years,C,MORTGAGE,debt_consolidation,11833.333333333334,700,11.919074679482772,251,Rejected,351.0517605633803,0.8851095125399114,0.5411146235453027,0
21000.0,42000.0,10.03,1 year,A,RENT,debt_consolidation,3500.0,800,17.757446143629153,51,Rejected,261.04999999999995,0.7993763098862345,0.9656927965101408,1
7750.0,55000.0,22.1,5 years,A,MORTGAGE,debt_consolidation,4583.333333333333,800,7.631811449064621,306,Rejected,623.0422727272727,0.8284511719602978,0.6823556457044622,0
17000.0,55000.0,9.38,< 1 year,D,RENT,debt_consolidation,4583.333333333333,650,13.94615627963246,222,Rejected,301.4927272727273,0.9631571050578568,0.7330614518186471,1
15000.0,83000.0,10.0,6 years,A,MORTGAGE,credit_card,6916.666666666667,800,14.240114464989682,156,Rejected,260.0542168674699,0.8048937871228825,0.27569164534301,0
6000.0,48000.0,15.25,1 year,A,RENT,major_purchase,4000.0,800,13.87787959653275,61,Rejected,417.5375,0.9716992427197106,0.5213593483961729,1
3000.0,45000.0,16.32,1 year,A,MORTGAGE,car,3750.0,800,11.52040844910309,77,Rejected,449.62,0.7640158958674037,0.1259156077591855,0
1500.0,15120.0,14.68,< 1 year,B,MORTGAGE,car,1260.0,750,12.997605649734432,16,Rejected,420.4297619047619,0.8270227324196138,0.5040319118162537,0
6500.0,70000.0,23.09,10+ years,A,MORTGAGE,major_purchase,5833.333333333333,800,17.48608937294091,347,Rejected,652.727857142857,0.9396781926611792,0.0693991597864723,0
25000.0,81000.0,22.09,5 years,C,RENT,debt_consolidation,6750.0,700,13.277822142432324,111,Rejected,662.7925925925925,0.7722940962203995,0.5905383560399083,1
15000.0,59950.0,11.15,8 years,E,MORTGAGE,debt_consolidation,4995.833333333333,600,14.913340187868286,43,Rejected,374.5750625521268,0.8505445729133745,0.4959807146325946,0
16000.0,48000.0,14.3,2 years,B,RENT,credit_card,4000.0,750,17.152916396824224,359,Rejected,409.1,0.7868618380909056,0.4388343570289371,1
17000.0,54000.0,20.82,7 years,C,RENT,credit_card,4500.0,700,10.880198856926576,292,Rejected,624.6944444444445,0.956056392284752,0.2611686826961951,1
13000.0,54000.0,18.4,10+ years,A,MORTGAGE,credit_card,4500.0,800,8.9195865441676,182,Rejected,512.0722222222221,0.7404335868686801,0.9412978606801096,0
11500.0,54000.0,18.69,10+ years,A,MORTGAGE,debt_consolidation,4500.0,800,15.860188960987404,159,Rejected,520.7638888888889,0.9475280714143052,0.3973884977926424,0
3200.0,31200.0,8.92,1 year,B,RENT,car,2600.0,750,8.655891168879242,293,Rejected,247.6307692307692,0.7709369884373763,0.5312102287611934,1
15000.0,135000.0,6.86,1 year,C,MORTGAGE,credit_card,11250.0,700,17.45020593502907,229,Rejected,205.8333333333333,0.8011840672269677,0.3393825067915184,0
8000.0,82000.0,18.12,4 years,D,MORTGAGE,home_improvement,6833.333333333333,650,18.551934816615727,310,Rejected,563.6292682926829,0.7218384321723438,0.4104533499196923,0
5000.0,99000.0,6.25,5 years,A,MORTGAGE,home_improvement,8250.0,800,11.823299033078063,61,Rejected,147.5151515151515,0.8181788581165133,0.3730023002547556,0
12000.0,24000.0,7.45,3 years,D,RENT,other,2000.0,650,12.59394685350006,128,Rejected,243.65,0.7780649531781557,0.2494406814118583,1
9000.0,43000.0,7.0,1 year,A,MORTGAGE,debt_consolidation,3583.333333333333,800,18.40577767060791,67,Rejected,170.06279069767442,0.9187671394519712,0.1817916939418884,0
5000.0,40000.0,10.53,2 years,B,MORTGAGE,debt_consolidation,3333.333333333333,750,19.033466613709347,301,Rejected,295.9375,0.791753716475568,0.848655570457898,0
20000.0,95000.0,17.49,6 years,E,MORTGAGE,debt_consolidation,7916.666666666667,600,17.405015530093365,200,Rejected,564.7631578947368,0.8355468262291772,0.032191115623389,0
12000.0,80000.0,15.76,< 1 year,E,RENT,credit_card,6666.666666666667,600,9.36182330868846,352,Rejected,512.8449999999999,0.700597404634789,0.8042752890560165,1
5000.0,89400.0,21.1,10+ years,D,RENT,moving,7450.0,650,13.601036606628163,54,Rejected,653.01677852349,0.7926312930128705,0.9312558350712622,1
35000.0,135000.0,14.57,10+ years,B,MORTGAGE,debt_consolidation,11250.0,750,19.089082074161794,63,Rejected,417.17777777777775,0.8303694954982908,0.6950006874253615,0
12000.0,55000.0,15.32,10+ years,C,MORTGAGE,home_improvement,4583.333333333333,700,16.65940693202826,131,Rejected,459.6654545454545,0.7482072225036659,0.2952790255673799,0
7000.0,36000.0,10.03,4 years,C,RENT,car,3000.0,700,13.493419337303976,44,Rejected,300.9583333333333,0.9529216052331464,0.4138955201717927,1
21000.0,109000.0,7.75,10+ years,D,MORTGAGE,debt_consolidation,9083.333333333334,650,12.213026640107564,180,Rejected,252.55779816513763,0.724496071630128,0.1009990528423564,0
25000.0,159600.0,15.2,1 year,B,MORTGAGE,credit_card,13300.0,750,16.655012925135985,147,Rejected,436.046992481203,0.8341179075847509,0.3411468235137059,0
12000.0,65340.0,6.94,9 years,D,MORTGAGE,debt_consolidation,5445.0,650,13.091119996224068,318,Rejected,228.2550964187328,0.7765874756432574,0.0305927264364104,0
10000.0,55000.0,12.74,10+ years,A,MORTGAGE,major_purchase,4583.333333333333,800,10.278885657839028,182,Rejected,342.25454545454545,0.7674276396604849,0.2102315294258668,0
5000.0,33600.0,13.14,8 years,C,RENT,debt_consolidation,2800.0,700,7.537160935567125,301,Rejected,394.2446428571428,0.7501730227905622,0.2722957815262937,1
7000.0,45996.0,18.91,2 years,E,MORTGAGE,major_purchase,3833.0,600,12.585987681072046,28,Rejected,607.3456561440124,0.8357988765140636,0.94982397687723,0
29300.0,65000.0,2.05,3 years,B,MORTGAGE,major_purchase,5416.666666666667,750,8.133124023716693,294,Rejected,41.63523076923075,0.7581364191511026,0.2945499347617023,0
3000.0,24000.0,10.9,< 1 year,B,RENT,medical,2000.0,750,18.13289003891896,356,Rejected,307.0375,0.7055312959975809,0.2601491120323702,1
14000.0,46900.0,13.94,10+ years,C,RENT,debt_consolidation,3908.3333333333335,700,14.729378345429115,266,Rejected,418.289552238806,0.8998793739377795,0.365511116183466,1
10000.0,140000.0,4.29,< 1 year,B,RENT,major_purchase,11666.666666666666,750,18.214410651295367,161,Rejected,108.72142857142856,0.9462881920645853,0.3112921184817234,1
5000.0,88000.0,4.57,< 1 year,G,OTHER,educational,7333.333333333333,500,13.07631033779598,336,Rejected,217.11704545454543,0.9126321061865684,0.8401746680570618,0
6000.0,85596.0,14.36,5 years,B,MORTGAGE,other,7133.0,750,7.747122122173311,25,Rejected,410.82102902004766,0.8371186030029842,0.2061347383841999,0
3000.0,37440.0,6.38,2 years,A,RENT,car,3120.0,800,13.691354292442442,336,Rejected,151.42403846153846,0.9199973663351638,0.9188008174823472,1
7125.0,99600.0,27.02,10+ years,A,MORTGAGE,credit_card,8300.0,800,15.348942995127002,327,Rejected,770.6214608433735,0.7890971809837863,0.4032266746433713,0
12000.0,120000.0,15.02,< 1 year,B,RENT,debt_consolidation,10000.0,750,19.4573650586738,305,Rejected,430.63,0.8319425909175542,0.6410604189385117,1
10000.0,48000.0,23.55,< 1 year,A,RENT,debt_consolidation,4000.0,800,16.73607224950552,296,Rejected,666.5625,0.8912323134512135,0.6613285584509087,1
21000.0,82000.0,10.21,5 years,C,OWN,debt_consolidation,6833.333333333333,700,12.515429722903958,343,Rejected,306.3768292682927,0.9182319880168232,0.4833232772519616,0
3600.0,87550.0,11.76,5 years,B,MORTGAGE,debt_consolidation,7295.833333333333,750,12.682564990363254,115,Rejected,332.81233580810965,0.9266708504471004,0.301241961020248,0
12000.0,80000.0,13.9,5 years,B,RENT,credit_card,6666.666666666667,750,14.534095632962645,355,Rejected,397.045,0.846026487638745,0.7045334577922665,1
5400.0,35000.0,7.1,1 year,D,MORTGAGE,debt_consolidation,2916.6666666666665,650,12.36207688078289,121,Rejected,233.0462857142857,0.8701062769610948,0.1383722502130491,0
4000.0,46000.0,22.7,6 years,B,RENT,house,3833.3333333333335,750,17.278328373257885,66,Rejected,661.0260869565218,0.8311577242352751,0.1379385692461662,1
18000.0,46028.1,19.5,8 years,B,MORTGAGE,debt_consolidation,3835.675,750,7.92091719688558,53,Rejected,565.117319637352,0.8578660978929329,0.2045191131494327,0
4500.0,80000.0,7.23,8 years,C,RENT,debt_consolidation,6666.666666666667,700,18.816126958736987,322,Rejected,216.916875,0.8356210877811102,0.7595037618677115,1
14400.0,65996.0,9.29,3 years,D,MORTGAGE,debt_consolidation,5499.666666666667,650,17.097993655479836,120,Rejected,298.76545851263705,0.9134123734709556,0.0609978706617544,0
3600.0,21456.0,4.14,6 years,E,OWN,other,1788.0,600,16.94811089814715,288,Rejected,164.2503355704698,0.8570718174743795,0.3135716617335096,0
20400.0,121000.0,5.77,< 1 year,B,MORTGAGE,credit_card,10083.333333333334,750,9.71657195464524,280,Rejected,153.1505785123967,0.8082694019270248,0.2695497439854742,0
12000.0,70000.0,26.06,10+ years,B,RENT,debt_consolidation,5833.333333333333,750,13.852397589011623,93,Rejected,761.8514285714285,0.870318892354517,0.4842096177182465,1
16700.0,33400.0,1.8,10+ years,A,MORTGAGE,home_improvement,2783.333333333333,800,13.577354249217434,324,Rejected,14.15,0.7041459415384214,0.193608654609435,0
12000.0,74000.0,0.84,2 years,B,RENT,debt_consolidation,6166.666666666667,750,14.069360156041895,260,Rejected,5.248648648648648,0.7390587409054938,0.2448210775861148,1
4400.0,32496.0,23.97,5 years,A,RENT,other,2708.0,800,8.809871808289797,131,Rejected,679.1406203840473,0.8025302020625281,0.8543997718317504,1
10000.0,47508.0,10.23,3 years,B,RENT,debt_consolidation,3959.0,750,11.927389399636624,192,Rejected,286.9631472594089,0.8994726218457042,0.3833535838553048,1
6000.0,105000.0,16.06,4 years,A,RENT,wedding,8750.0,800,8.48685581381319,108,Rejected,441.8171428571428,0.936278690026855,0.2807376716475157,1
10000.0,73000.0,7.71,3 years,A,MORTGAGE,small_business,6083.333333333333,800,13.193797894913148,163,Rejected,191.3410958904109,0.9217002211344048,0.6113384543440481,0
8000.0,33600.0,9.25,4 years,C,RENT,major_purchase,2800.0,700,17.124080023590217,315,Rejected,277.57142857142856,0.7497059113285397,0.0733531852075637,1
23000.0,160000.0,10.14,1 year,A,MORTGAGE,debt_consolidation,13333.333333333334,800,11.521778025555736,272,Rejected,264.243125,0.8136397094471588,0.1168911989292244,0
5500.0,28800.0,16.54,2 years,C,MORTGAGE,home_improvement,2400.0,700,7.597925129555318,22,Rejected,496.2572916666667,0.9309377596655288,0.9222869942764124,0
12500.0,78000.0,17.88,3 years,C,MORTGAGE,debt_consolidation,6500.0,700,7.636949291556123,225,Rejected,536.4480769230769,0.7897556403988273,0.7612219647307505,0
7000.0,35000.0,22.77,7 years,C,RENT,debt_consolidation,2916.6666666666665,700,13.569033380635265,90,Rejected,683.16,0.8635555953108796,0.378283847560797,1
18000.0,62004.0,19.51,8 years,B,MORTGAGE,debt_consolidation,5167.0,750,7.997704491536355,80,Rejected,565.3870911554094,0.8249994892716582,0.9863727550466612,0
9000.0,36996.0,16.35,2 years,D,OWN,debt_consolidation,3083.0,650,18.86303737821158,71,Rejected,510.572980862796,0.7600794699621898,0.4643644018526341,0
21600.0,63000.0,11.24,2 years,C,RENT,debt_consolidation,5250.0,700,8.875757627764461,57,Rejected,337.30285714285714,0.785069766358973,0.3000453377798373,1
25000.0,110004.0,20.7,10+ years,E,MORTGAGE,credit_card,9167.0,600,19.589398933584143,126,Rejected,661.0681793389331,0.7443453719508436,0.673061053493951,0
3900.0,44500.0,6.09,< 1 year,B,RENT,major_purchase,3708.3333333333335,750,10.02718371718837,233,Rejected,162.72629213483145,0.9349439402456357,0.2159865228735193,1
7500.0,40000.0,15.0,3 years,B,MORTGAGE,debt_consolidation,3333.333333333333,750,10.588787269933096,307,Rejected,430.05625,0.7038719751946317,0.9970552361472202,0
2500.0,60000.0,20.74,10+ years,B,MORTGAGE,debt_consolidation,5000.0,750,16.48943332184752,166,Rejected,602.2125,0.970541493294311,0.3340373263650711,0
20000.0,98400.0,9.56,10+ years,D,MORTGAGE,debt_consolidation,8200.0,650,17.384526705274688,74,Rejected,306.8609756097561,0.7067873566469974,0.5481886527445249,0
3000.0,48000.0,17.65,2 years,B,RENT,credit_card,4000.0,750,9.292202499094408,140,Rejected,509.5187499999999,0.9084237809173752,0.31959310304088,1
5000.0,45000.0,0.53,2 years,E,MORTGAGE,debt_consolidation,3750.0,600,18.852563980134203,111,Rejected,55.93333333333333,0.9076499656532429,0.7840500950525215,0
4000.0,45000.0,4.96,6 years,A,RENT,credit_card,3750.0,800,9.240031277789493,109,Rejected,108.82666666666664,0.8365623370032054,0.5164079325274873,1
20700.0,105398.0,22.2,9 years,E,MORTGAGE,debt_consolidation,8783.166666666666,600,13.415672107739022,284,Rejected,706.0589195240897,0.9076102393340784,0.782678675060329,0
6000.0,75000.0,8.74,6 years,A,MORTGAGE,debt_consolidation,6250.0,800,11.13147062508199,335,Rejected,222.224,0.8731820381876564,0.4061112448205421,0
15000.0,60000.0,18.9,2 years,C,MORTGAGE,debt_consolidation,5000.0,700,12.149339005596213,80,Rejected,567.0749999999999,0.9509539612592496,0.0570613062477072,0
20000.0,57600.0,5.77,10+ years,B,MORTGAGE,debt_consolidation,4800.0,750,13.152779043915055,341,Rejected,153.20416666666665,0.9118310801751782,0.8713625659675676,0
7000.0,99996.0,19.98,10+ years,A,MORTGAGE,debt_consolidation,8333.0,800,14.287532123799568,30,Rejected,559.4210008400336,0.8828326254428912,0.2119690089903385,0
17350.0,50000.0,23.47,6 years,E,OWN,debt_consolidation,4166.666666666667,600,8.633366201484025,350,Rejected,744.2041,0.9693978989487247,0.38035821215591,0
12000.0,50000.0,10.61,< 1 year,C,RENT,debt_consolidation,4166.666666666667,700,17.26104300524787,33,Rejected,318.372,0.7498211797285191,0.4928709879943009,1
4000.0,73125.0,19.92,10+ years,C,MORTGAGE,other,6093.75,700,18.963982769295956,225,Rejected,597.6164102564103,0.9472663001718052,0.9529413694187492,0
9000.0,40000.0,24.45,1 year,B,RENT,debt_consolidation,3333.333333333333,750,14.049762806567816,74,Rejected,713.5675,0.8499088018013972,0.3710384817970353,1
20000.0,40000.0,23.94,7 years,C,RENT,debt_consolidation,3333.333333333333,700,18.1342104877648,265,Rejected,718.3499999999999,0.8909627544901213,0.3034918416862142,1
15000.0,36000.0,26.53,4 years,E,OWN,debt_consolidation,3000.0,600,11.215149174192836,257,Rejected,836.025,0.8008871102028059,0.1121459136585644,0
21000.0,65000.0,5.19,2 years,D,RENT,debt_consolidation,5416.666666666667,650,12.976160310048142,315,Rejected,175.79692307692306,0.9453978411182984,0.4401696322596056,1
5600.0,25000.0,7.2,5 years,A,RENT,debt_consolidation,2083.333333333333,800,15.15855982384327,294,Rejected,176.0672,0.8880291626821644,0.215911134215357,1
12000.0,93000.0,1.95,1 year,C,RENT,small_business,7750.0,700,10.016620459609848,116,Rejected,58.53870967741936,0.7435624559490609,0.5485656076652685,1
8000.0,96000.0,18.19,< 1 year,C,MORTGAGE,debt_consolidation,8000.0,700,12.355244618647632,72,Rejected,545.725,0.9339028229449556,0.7680926650009964,0
10000.0,84000.0,0.71,5 years,A,MORTGAGE,home_improvement,7000.0,800,14.28348868714512,73,Rejected,-18.664285714285715,0.7695994506506719,0.5866623419788203,0
1300.0,65000.0,20.19,4 years,A,RENT,debt_consolidation,5416.666666666667,800,17.035336505806967,321,Rejected,565.706,0.8489153513786474,0.0081127164159969,1
16750.0,48000.0,22.15,5 years,C,MORTGAGE,debt_consolidation,4000.0,700,18.561017274452784,213,Rejected,664.6046875,0.9368040034939618,0.4627623908050734,0
10000.0,22880.0,8.71,< 1 year,C,RENT,debt_consolidation,1906.6666666666667,700,16.162800212297647,124,Rejected,261.4311188811189,0.8525173490279394,0.3925858038412131,1
7300.0,42000.0,23.43,10+ years,A,MORTGAGE,other,3500.0,800,12.12391726531515,221,Rejected,662.9521428571428,0.9786976292547076,0.7707875814448675,0
22750.0,42000.0,14.4,3 years,F,MORTGAGE,debt_consolidation,3500.0,550,16.303965952626143,282,Rejected,492.1625,0.8026212327305462,0.937727180239848,0
20000.0,71000.0,9.63,4 years,F,RENT,debt_consolidation,5916.666666666667,550,18.338304230127125,207,Rejected,348.98450704225354,0.7988404227447522,0.719079969724788,1
4000.0,23400.0,14.26,3 years,B,RENT,debt_consolidation,1950.0,750,13.113959928010855,318,Rejected,407.85128205128206,0.8690357301455274,0.5278276398955367,1
4000.0,40000.0,17.52,6 years,C,RENT,debt_consolidation,3333.333333333333,700,13.543017205516362,97,Rejected,525.63,0.9514177022201228,0.3603619796064564,1
5000.0,49200.0,4.71,5 years,A,MORTGAGE,other,4100.0,800,10.36696571811015,339,Rejected,101.33048780487805,0.7528586395553578,0.0396763172126299,0
20000.0,59000.0,10.54,10+ years,A,RENT,other,4916.666666666667,800,14.717904201178245,170,Rejected,276.30169491525425,0.792095999984915,0.829313037726927,1
9000.0,70000.0,17.5,2 years,C,RENT,debt_consolidation,5833.333333333333,700,19.293337853017512,250,Rejected,525.0385714285715,0.948449025847404,0.1112040829519966,1
10000.0,80000.0,6.52,< 1 year,A,RENT,other,6666.666666666667,800,15.51155330090046,45,Rejected,155.6375,0.7672939619849686,0.3949179251740097,1
4500.0,20000.0,18.48,9 years,C,RENT,credit_card,1666.6666666666667,700,16.72610907348554,36,Rejected,554.4675,0.7826058865388502,0.4903016955747549,1
4800.0,22000.0,8.07,6 years,B,RENT,debt_consolidation,1833.3333333333333,750,11.265657749313878,150,Rejected,222.1654545454545,0.709751145820914,0.9467002417022006,1
19000.0,95000.0,5.28,10+ years,A,MORTGAGE,debt_consolidation,7916.666666666667,800,10.230153328905876,350,Rejected,118.46,0.956895837731958,0.3231504306741068,0
12000.0,52000.0,4.36,10+ years,C,MORTGAGE,debt_consolidation,4333.333333333333,700,19.730734965231136,128,Rejected,130.86923076923077,0.9536546964358528,0.8799936397244247,0
15000.0,61000.0,11.47,10+ years,C,RENT,debt_consolidation,5083.333333333333,700,11.746743349005476,302,Rejected,344.1737704918032,0.9662218323069344,0.5900600987610262,1
8350.0,81120.0,4.78,< 1 year,A,RENT,debt_consolidation,6760.0,800,12.10503304217183,283,Rejected,103.4308801775148,0.8631289638013683,0.1347985915169665,1
7475.0,34359.0,15.51,6 years,A,RENT,debt_consolidation,2863.25,800,18.463788738001465,181,Rejected,425.3652667423382,0.9604502359730552,0.98226652091807,1
7000.0,38400.0,9.34,4 years,A,MORTGAGE,credit_card,3200.0,800,14.623154028426423,127,Rejected,240.2546875,0.9718179314595056,0.9139740863740302,0
13250.0,37500.0,23.26,6 years,C,RENT,credit_card,3125.0,700,12.083660129490262,74,Rejected,697.906,0.8288698620770713,0.005999028489235,1
10000.0,40000.0,14.55,< 1 year,A,RENT,debt_consolidation,3333.333333333333,800,18.97389437756548,244,Rejected,396.575,0.7609230165821916,0.9971752192384592,1
11300.0,71000.0,17.78,9 years,A,RENT,debt_consolidation,5916.666666666667,800,9.10452360106926,347,Rejected,493.4477464788732,0.937382151374666,0.4989482048333573,1
2775.0,25000.0,14.21,< 1 year,D,RENT,debt_consolidation,2083.333333333333,650,12.00342237685237,299,Rejected,446.3333,0.935764927388138,0.6263874087489103,1
25000.0,75000.0,12.66,1 year,C,RENT,debt_consolidation,6250.0,700,8.347401623346764,75,Rejected,379.9,0.8220225986796509,0.8065429275595776,1
21250.0,60000.0,16.92,3 years,D,MORTGAGE,debt_consolidation,5000.0,650,18.70473294029208,138,Rejected,527.7062500000001,0.9508690160203488,0.064696180059065,0
9500.0,70000.0,6.24,10+ years,A,RENT,debt_consolidation,5833.333333333333,800,8.468820357396892,315,Rejected,147.24071428571426,0.7746969555971293,0.3097213568523584,1
13600.0,56000.0,11.72,4 years,C,MORTGAGE,credit_card,4666.666666666667,700,11.842488041144314,81,Rejected,351.6728571428571,0.7194436855738386,0.0750879414660158,0
8000.0,60000.0,13.52,< 1 year,B,RENT,other,5000.0,750,8.678785656162958,41,Rejected,385.64,0.889089616803025,0.7439644593407523,1
5000.0,85000.0,12.55,8 years,C,MORTGAGE,small_business,7083.333333333333,700,18.581460886569783,149,Rejected,376.5176470588235,0.954297805996228,0.0262125452368976,0
7000.0,30000.0,21.64,5 years,D,RENT,medical,2500.0,650,18.11379785642036,77,Rejected,669.27,0.9445139496295448,0.6297764198707968,1
3200.0,35000.0,4.15,10+ years,D,RENT,small_business,2916.6666666666665,650,17.745908348285496,78,Rejected,144.52742857142857,0.9619014930078742,0.7845190360698131,1
12000.0,60000.0,19.4,5 years,A,RENT,credit_card,5000.0,800,16.48322930684101,114,Rejected,542.0599999999998,0.867009817307757,0.7343483179248571,1
13750.0,33600.0,21.36,8 years,C,MORTGAGE,debt_consolidation,2800.0,700,13.656702687352276,255,Rejected,640.9227678571428,0.7887558785391229,0.5199402063383082,0
6000.0,33000.0,26.76,6 years,A,MORTGAGE,major_purchase,2750.0,800,14.538630124724726,91,Rejected,762.8545454545454,0.7644197911320572,0.7838613566685806,0
19000.0,80000.0,21.38,10+ years,B,MORTGAGE,debt_consolidation,6666.666666666667,750,16.311686155362356,203,Rejected,621.4712499999999,0.940281340089994,0.6228978994267567,0
12475.0,66000.0,14.03,5 years,A,MORTGAGE,other,5500.0,800,15.939595223073862,335,Rejected,380.9567045454545,0.9226405451628092,0.8901415640513505,0
4000.0,35000.0,10.73,6 years,C,RENT,other,2916.6666666666665,700,15.549098489483882,128,Rejected,321.9342857142857,0.9331980931755576,0.9664362973224792,1
12000.0,70000.0,22.47,7 years,C,RENT,debt_consolidation,5833.333333333333,700,18.59782706623551,254,Rejected,674.1514285714286,0.9264323634726128,0.3856646689488829,1
7500.0,57000.0,15.47,5 years,B,MORTGAGE,debt_consolidation,4750.0,750,19.76709045847713,184,Rejected,444.1394736842105,0.924182820600366,0.2371950103976714,0
1500.0,39000.0,17.32,< 1 year,G,RENT,other,3250.0,500,8.560251686661795,194,Rejected,599.6115384615384,0.7753256506158128,0.1005501208353019,1
7875.0,25000.0,19.82,6 years,E,RENT,debt_consolidation,2083.333333333333,600,9.312195275342216,126,Rejected,634.6945000000001,0.9212137017737592,0.7582053588076516,1
6000.0,24000.0,3.95,3 years,A,RENT,debt_consolidation,2000.0,800,16.056787722018996,145,Rejected,78.575,0.7816254532512997,0.6489784182263073,1
35000.0,160000.0,22.06,3 years,C,MORTGAGE,debt_consolidation,13333.333333333334,700,8.06244927939766,91,Rejected,661.8656249999999,0.9749051324631928,0.5131175018599906,0
11000.0,102000.0,16.49,2 years,B,MORTGAGE,car,8500.0,750,17.032395941619814,203,Rejected,474.7323529411764,0.9207042515576184,0.1259929175043296,0
25000.0,92000.0,19.98,7 years,F,MORTGAGE,debt_consolidation,7666.666666666667,550,12.463266628019348,337,Rejected,659.4815217391304,0.959318419786702,0.6898498168098649,0
3000.0,112000.0,14.29,< 1 year,A,MORTGAGE,major_purchase,9333.333333333334,800,9.68012026688238,146,Rejected,388.7080357142857,0.953396192916662,0.4352948296716248,0
5000.0,16090.39,11.93,1 year,B,OWN,debt_consolidation,1340.8658333333333,750,10.27476780655547,339,Rejected,337.99322334635764,0.9542816465196526,0.897226677655629,0
5000.0,75000.0,18.5,10+ years,B,MORTGAGE,debt_consolidation,6250.0,750,13.228940008450548,336,Rejected,535.02,0.8565251265043764,0.6829381924839633,0
6000.0,60000.0,9.34,3 years,B,MORTGAGE,home_improvement,5000.0,750,15.411638479519386,76,Rejected,260.23,0.7648567067691936,0.998502143807425,0
4000.0,48000.0,22.18,3 years,A,MORTGAGE,major_purchase,4000.0,800,10.158177610650291,222,Rejected,625.425,0.7807034269060558,0.2485910933414374,0
3500.0,92000.0,25.76,2 years,A,MORTGAGE,credit_card,7666.666666666667,800,13.274985452357235,324,Rejected,732.8114130434782,0.8070518676196556,0.289825401633489,0
35000.0,305000.0,12.15,< 1 year,D,MORTGAGE,house,25416.666666666668,650,17.191271414010426,328,Rejected,384.5344262295082,0.8077417367590242,0.5571508084890071,0
15000.0,44500.0,11.24,3 years,B,MORTGAGE,debt_consolidation,3708.3333333333335,750,18.03451129599369,42,Rejected,317.3011235955056,0.7933054806202917,0.8504966826766024,0
9750.0,82000.0,27.26,< 1 year,G,OTHER,debt_consolidation,6833.333333333333,500,13.323558227613226,128,Rejected,897.8356707317073,0.8923069973217518,0.3837396965239972,0
8000.0,52500.0,2.67,6 years,C,MORTGAGE,debt_consolidation,4375.0,700,11.57973379260542,26,Rejected,80.14571428571428,0.8730879136154601,0.9140302873632956,0
2000.0,100000.0,0.71,2 years,A,MORTGAGE,small_business,8333.333333333334,800,9.00396341610196,16,Rejected,-18.694,0.7951435187402424,0.7748795668243125,0
7000.0,24000.0,13.35,< 1 year,A,RENT,debt_consolidation,2000.0,800,18.819151991041068,240,Rejected,360.5875,0.8756698750584069,0.6873189811086038,1
1200.0,9600.0,7.63,< 1 year,B,OWN,debt_consolidation,800.0,750,15.263695229451312,64,Rejected,208.9375,0.7409574472272951,0.9463922468873972,0
14500.0,30000.0,20.2,10+ years,D,RENT,debt_consolidation,2500.0,650,16.268688644777562,289,Rejected,626.145,0.8862188074033133,0.4168918765654399,1
4750.0,14400.0,11.92,3 years,D,RENT,small_business,1200.0,650,9.712904153584027,261,Rejected,377.6989583333333,0.865095016052231,0.4578498808988469,1
6000.0,36000.0,8.73,3 years,C,MORTGAGE,wedding,3000.0,700,9.928449463484364,20,Rejected,261.95,0.704613157036915,0.4000579083018765,0
24000.0,65004.0,14.21,10+ years,D,MORTGAGE,debt_consolidation,5417.0,650,14.591204043469055,141,Rejected,446.4107624146207,0.9438430203540886,0.9101805471806476,0
4700.0,65000.0,11.13,1 year,B,RENT,credit_card,5416.666666666667,750,19.468139434224632,225,Rejected,313.9216923076923,0.9352347154303582,0.6324091488236031,1
9000.0,65000.0,17.1,< 1 year,E,RENT,debt_consolidation,5416.666666666667,600,8.450829145797668,353,Rejected,553.0415384615385,0.7418645649799249,0.7662295575743558,1
5000.0,54000.0,13.91,10+ years,A,MORTGAGE,debt_consolidation,4500.0,800,13.15445603783192,143,Rejected,377.3277777777778,0.7400273062781378,0.3790306146801542,0
18000.0,60000.0,16.2,7 years,B,MORTGAGE,debt_consolidation,5000.0,750,13.62951889956774,203,Rejected,466.09,0.700026500681327,0.9634717001184282,0
12000.0,50000.0,20.18,7 years,C,MORTGAGE,credit_card,4166.666666666667,700,8.955745509179637,16,Rejected,605.472,0.7362495269104944,0.4902486362220948,0
6200.0,39996.0,9.0,2 years,C,RENT,debt_consolidation,3333.0,700,15.645578238389438,190,Rejected,270.04650465046507,0.9229970967874884,0.1907254613738753,1
25000.0,78000.0,8.43,3 years,G,RENT,other,6500.0,500,8.000560201200912,225,Rejected,332.99615384615385,0.9162741558962844,0.8587064145867503,1
7750.0,65000.0,3.91,10+ years,A,MORTGAGE,debt_consolidation,5416.666666666667,800,10.45748274975954,264,Rejected,77.33576923076923,0.9787949818239414,0.9785311134834044,0
12900.0,60000.0,6.24,6 years,B,MORTGAGE,debt_consolidation,5000.0,750,11.208054432250746,16,Rejected,167.2645,0.7696357964870492,0.1019192198330275,0
